Date,Open,High,Low,Close,Volume,Change,Delta,Change_Ratio,Delta_Ratio,Variance,momentum
2023-08-18,25.03,25.1,25.0,25.0,236989,-0.03,0.1,-0.12,0.4,0.05,-1
2023-08-17,24.9,25.01,24.9,25.01,569708,0.11,0.11,0.44,0.44,0.06,1
2023-08-16,24.92,24.98,24.63,24.94,39513,0.02,0.35,0.08,1.38,0.17,-1
2023-08-15,24.9,24.98,24.9,24.95,9739,0.05,0.08,0.2,0.34,0.04,1
2023-08-14,24.91,24.99,24.84,24.89,34111,-0.02,0.15,-0.08,0.6,0.07,-1
2023-08-11,24.87,24.94,24.87,24.93,4846,0.06,0.07,0.24,0.28,0.04,-1
2023-08-10,24.79,24.98,24.79,24.96,8012,0.17,0.19,0.69,0.77,0.1,1
2023-08-09,24.78,24.92,24.77,24.92,27918,0.14,0.15,0.56,0.61,0.08,1
2023-08-08,24.63,24.78,24.63,24.78,5823,0.15,0.15,0.61,0.61,0.08,-1
2023-08-07,24.68,24.78,24.68,24.78,7800,0.1,0.11,0.4,0.42,0.05,-1
2023-08-04,24.62,24.78,24.62,24.78,6833,0.16,0.16,0.65,0.65,0.08,1
2023-08-03,24.68,24.77,24.52,24.68,10067,0.0,0.25,0.0,1.01,0.12,-1
2023-08-02,24.59,24.78,24.43,24.78,13796,0.19,0.35,0.77,1.41,0.18,1
2023-08-01,24.74,24.74,24.6,24.6,7294,-0.14,0.14,-0.58,0.58,0.07,-1
2023-07-31,24.62,24.78,24.61,24.78,20044,0.16,0.17,0.65,0.69,0.09,1
2023-07-28,24.46,24.71,24.41,24.71,17630,0.25,0.3,1.01,1.21,0.15,1
2023-07-27,24.66,24.66,24.33,24.52,27143,-0.14,0.33,-0.57,1.34,0.16,-1
2023-07-26,24.7,24.7,24.55,24.55,16555,-0.15,0.15,-0.61,0.61,0.07,-1
2023-07-25,24.69,24.78,24.49,24.7,24768,0.01,0.29,0.04,1.17,0.15,-1
2023-07-24,24.74,24.78,24.72,24.76,7433,0.02,0.06,0.08,0.24,0.03,-1
2023-07-21,24.69,24.82,24.69,24.78,4560,0.09,0.13,0.36,0.54,0.07,1
2023-07-20,24.7,24.76,24.61,24.72,11371,0.02,0.15,0.06,0.61,0.08,1
2023-07-19,24.82,24.84,24.69,24.7,7821,-0.12,0.15,-0.49,0.61,0.08,1
2023-07-18,24.74,24.83,24.67,24.67,9944,-0.07,0.16,-0.28,0.65,0.08,-1
2023-07-17,24.76,24.8,24.51,24.68,7872,-0.08,0.29,-0.32,1.18,0.14,-1
2023-07-14,24.86,24.89,24.75,24.79,12710,-0.07,0.14,-0.28,0.58,0.07,-1
2023-07-13,25.05,25.1,24.82,24.85,30401,-0.2,0.28,-0.8,1.11,0.14,-1
2023-07-12,24.87,25.07,24.72,24.87,12500,0.0,0.35,0.0,1.41,0.18,-1
2023-07-11,25.04,25.04,24.6,24.87,17494,-0.17,0.44,-0.68,1.77,0.22,-1
2023-07-10,24.91,24.99,24.81,24.99,29871,0.08,0.18,0.32,0.7,0.09,1
2023-07-07,24.89,24.98,24.76,24.95,7561,0.06,0.22,0.24,0.88,0.11,1
2023-07-06,24.65,24.91,24.52,24.9,26169,0.25,0.39,1.0,1.57,0.2,1
2023-07-05,24.9,24.98,24.86,24.87,12295,-0.03,0.12,-0.12,0.48,0.06,-1
2023-07-03,25.18,25.2,24.83,25.05,50968,-0.13,0.37,-0.52,1.48,0.19,-1
2023-06-30,24.22,25.42,24.11,25.42,61721,1.2,1.31,4.72,5.15,0.66,1
2023-06-29,24.36,24.57,24.23,24.57,14041,0.21,0.34,0.85,1.38,0.17,1
2023-06-28,24.68,25.03,24.34,24.44,40006,-0.24,0.69,-0.98,2.82,0.35,-1
2023-06-27,24.9,24.96,24.67,24.78,7559,-0.12,0.29,-0.5,1.16,0.14,-1
2023-06-26,24.89,25.09,24.73,24.86,14288,-0.03,0.36,-0.12,1.45,0.18,-1
2023-06-23,24.67,24.95,24.67,24.89,24459,0.22,0.28,0.88,1.12,0.14,1
2023-06-22,24.62,24.83,24.62,24.83,15017,0.21,0.21,0.85,0.85,0.1,1
2023-06-21,24.57,24.74,24.57,24.69,7856,0.12,0.17,0.49,0.7,0.09,1
2023-06-20,24.68,24.71,24.56,24.66,18829,-0.02,0.15,-0.08,0.59,0.07,-1
2023-06-16,24.64,24.78,24.39,24.74,181706,0.1,0.39,0.4,1.58,0.2,1
2023-06-15,24.36,24.6,24.28,24.5,29516,0.14,0.31,0.57,1.29,0.16,1
2023-06-14,24.12,24.38,24.02,24.28,27249,0.16,0.36,0.66,1.46,0.18,1
2023-06-13,24.32,24.38,23.96,24.08,111868,-0.24,0.41,-1.0,1.72,0.21,-1
2023-06-12,24.51,24.67,24.3,24.31,39320,-0.2,0.37,-0.82,1.52,0.18,-1
2023-06-09,24.3,24.52,24.3,24.4,10255,0.1,0.22,0.41,0.91,0.11,1
2023-06-08,24.3,24.47,24.28,24.32,6185,0.02,0.19,0.08,0.79,0.1,1
2023-06-07,24.44,24.49,24.28,24.3,11456,-0.14,0.21,-0.58,0.87,0.11,-1
2023-06-06,24.48,24.66,24.38,24.49,13835,0.01,0.28,0.04,1.13,0.14,1
2023-06-05,24.46,24.64,24.37,24.38,8615,-0.08,0.27,-0.33,1.11,0.13,-1
2023-06-02,24.5,24.58,24.43,24.52,23523,0.02,0.15,0.08,0.61,0.07,-1
2023-06-01,24.38,24.7,24.24,24.53,28314,0.15,0.46,0.61,1.88,0.23,1
2023-05-31,23.97,24.71,23.88,24.45,69673,0.48,0.83,1.96,3.39,0.42,1
2023-05-30,24.06,24.08,23.91,24.03,20994,-0.03,0.17,-0.12,0.71,0.08,1
2023-05-26,23.74,24.02,23.71,23.94,19449,0.2,0.31,0.84,1.32,0.16,1
2023-05-25,23.6,23.98,23.6,23.81,201182,0.21,0.38,0.88,1.6,0.19,1
2023-05-24,23.69,23.9,23.6,23.6,16663,-0.09,0.3,-0.38,1.27,0.15,-1
2023-05-23,23.77,23.95,23.71,23.76,14381,-0.01,0.24,-0.04,1.01,0.12,-1
2023-05-22,23.75,23.99,23.66,23.84,16146,0.09,0.33,0.38,1.38,0.16,1
2023-05-19,23.84,23.95,23.69,23.78,12236,-0.06,0.26,-0.25,1.08,0.13,-1
2023-05-18,23.75,24.05,23.75,23.84,20728,0.09,0.3,0.38,1.26,0.15,-1
2023-05-17,23.47,24.0,23.36,23.9,20904,0.43,0.64,1.8,2.68,0.32,1
2023-05-16,23.35,23.56,23.35,23.47,11980,0.12,0.21,0.51,0.89,0.1,-1
2023-05-15,23.35,23.56,23.31,23.49,15218,0.14,0.25,0.6,1.06,0.12,1
2023-05-12,23.11,23.32,23.07,23.2,8269,0.09,0.25,0.39,1.08,0.12,-1
2023-05-11,23.13,23.33,23.0,23.25,65640,0.12,0.33,0.52,1.42,0.16,-1
2023-05-10,23.19,23.57,23.05,23.29,135014,0.1,0.52,0.43,2.23,0.26,1
2023-05-09,23.34,23.4,23.08,23.19,71197,-0.15,0.33,-0.65,1.4,0.16,-1
2023-05-08,23.2,23.51,23.0,23.46,10042,0.26,0.51,1.11,2.17,0.26,1
2023-05-05,22.96,23.3,22.94,23.23,13197,0.27,0.36,1.16,1.53,0.18,1
2023-05-04,22.79,23.08,22.16,23.01,56345,0.22,0.92,0.96,4.0,0.46,1
2023-05-03,22.96,23.2,22.68,22.68,12609,-0.28,0.52,-1.23,2.29,0.26,-1
2023-05-02,23.06,23.18,22.9,23.05,18192,-0.01,0.28,-0.04,1.2,0.14,-1
2023-05-01,23.07,23.21,23.06,23.2,11298,0.13,0.14,0.56,0.62,0.07,1
2023-04-28,22.86,23.23,22.8,23.16,44673,0.3,0.43,1.3,1.86,0.21,1
2023-04-27,22.8,23.07,22.8,22.91,44257,0.11,0.27,0.48,1.18,0.14,1
2023-04-26,22.95,23.09,22.78,22.85,18441,-0.1,0.31,-0.44,1.36,0.15,-1
2023-04-25,22.79,22.97,22.78,22.91,120490,0.12,0.2,0.52,0.85,0.1,1
2023-04-24,22.87,22.9,22.78,22.81,8871,-0.06,0.12,-0.26,0.53,0.06,1
2023-04-21,22.85,22.88,22.72,22.78,12310,-0.07,0.16,-0.31,0.72,0.08,1
2023-04-20,22.71,22.89,22.6,22.65,23388,-0.06,0.29,-0.26,1.29,0.15,-1
2023-04-19,22.66,22.92,22.65,22.73,35098,0.07,0.27,0.31,1.2,0.14,1
2023-04-18,22.77,22.92,22.65,22.7,192369,-0.07,0.27,-0.31,1.19,0.14,-1
2023-04-17,22.39,22.99,22.38,22.81,44659,0.42,0.61,1.84,2.67,0.3,1
2023-04-14,22.75,22.85,22.21,22.21,32302,-0.54,0.64,-2.43,2.88,0.32,-1
2023-04-13,23.1,23.15,22.67,22.67,48814,-0.43,0.48,-1.9,2.12,0.24,-1
2023-04-12,23.22,23.26,22.85,22.85,53109,-0.37,0.41,-1.62,1.79,0.21,-1
2023-04-11,23.15,23.3,23.06,23.1,7854,-0.05,0.24,-0.22,1.04,0.12,-1
2023-04-10,23.16,23.2,23.0,23.15,17722,-0.01,0.2,-0.04,0.86,0.1,-1
2023-04-06,23.1,23.3,23.06,23.22,10805,0.12,0.24,0.52,1.02,0.12,1
2023-04-05,23.17,23.38,23.06,23.1,12651,-0.07,0.32,-0.3,1.4,0.16,-1
2023-04-04,23.05,23.39,23.05,23.17,26977,0.12,0.34,0.52,1.47,0.17,1
2023-04-03,23.06,23.32,22.95,23.01,12379,-0.05,0.37,-0.22,1.62,0.19,1
2023-03-31,23.15,23.43,22.91,22.96,131686,-0.19,0.52,-0.83,2.26,0.26,-1
2023-03-30,23.45,23.71,23.45,23.57,15380,0.12,0.26,0.51,1.1,0.13,1
2023-03-29,23.38,23.54,23.3,23.42,21355,0.04,0.24,0.17,1.02,0.12,1
2023-03-28,23.15,23.45,23.15,23.34,4484,0.19,0.3,0.81,1.29,0.15,1
2023-03-27,23.23,23.4,23.0,23.25,47419,0.02,0.4,0.09,1.72,0.2,1
2023-03-24,23.0,23.36,22.93,23.12,40771,0.11,0.43,0.5,1.86,0.21,1
2023-03-23,23.19,23.5,22.92,22.98,15791,-0.21,0.58,-0.91,2.52,0.29,-1
2023-03-22,23.35,23.5,23.19,23.19,13697,-0.16,0.31,-0.69,1.34,0.15,-1
2023-03-21,23.12,23.5,22.95,23.5,18388,0.38,0.55,1.62,2.34,0.28,1
2023-03-20,23.04,23.24,22.88,22.97,39633,-0.07,0.36,-0.3,1.58,0.18,-1
2023-03-17,23.34,23.43,22.81,23.16,15322,-0.18,0.62,-0.78,2.68,0.31,-1
2023-03-16,22.76,23.88,22.6,23.44,50032,0.68,1.28,2.9,5.46,0.64,1
2023-03-15,23.0,23.16,22.5,22.93,24590,-0.07,0.66,-0.31,2.88,0.33,-1
2023-03-14,22.7,23.66,22.03,23.08,53346,0.38,1.63,1.65,7.06,0.81,1
2023-03-13,19.5,23.18,19.26,22.5,71449,3.0,3.91,13.33,17.4,1.96,-1
2023-03-10,23.94,24.06,23.1,23.37,33058,-0.57,0.96,-2.44,4.11,0.48,-1
2023-03-09,24.32,24.4,23.73,23.84,57433,-0.48,0.67,-2.01,2.79,0.33,-1
2023-03-08,24.25,24.39,24.02,24.25,11681,0.0,0.38,0.0,1.55,0.19,-1
2023-03-07,24.51,24.56,24.2,24.25,12335,-0.26,0.36,-1.07,1.48,0.18,-1
2023-03-06,24.23,24.6,24.22,24.51,13466,0.28,0.38,1.14,1.55,0.19,1
2023-03-03,24.24,24.78,24.24,24.38,14627,0.14,0.54,0.57,2.21,0.27,1
2023-03-02,24.25,24.33,24.08,24.18,12382,-0.07,0.25,-0.29,1.02,0.12,-1
2023-03-01,24.29,24.47,24.26,24.37,5033,0.08,0.21,0.33,0.86,0.1,-1
2023-02-28,24.33,24.59,24.28,24.37,72491,0.04,0.31,0.16,1.27,0.15,-1
2023-02-27,24.31,24.52,24.31,24.42,12824,0.11,0.21,0.45,0.86,0.11,1
2023-02-24,24.28,24.49,24.2,24.34,16553,0.06,0.29,0.25,1.19,0.15,-1
2023-02-23,24.28,24.63,24.28,24.41,7853,0.13,0.35,0.53,1.43,0.17,1
2023-02-22,24.07,24.42,23.99,24.38,13493,0.31,0.43,1.27,1.76,0.21,1
2023-02-21,24.3,24.52,23.87,23.98,12372,-0.32,0.65,-1.33,2.71,0.32,-1
2023-02-17,24.48,24.64,24.38,24.46,8582,-0.02,0.26,-0.08,1.05,0.13,-1
2023-02-16,24.26,24.73,24.25,24.49,11707,0.23,0.48,0.94,1.96,0.24,-1
2023-02-15,24.67,24.75,24.57,24.57,14110,-0.1,0.18,-0.41,0.73,0.09,-1
2023-02-14,24.48,24.75,24.48,24.65,17733,0.17,0.27,0.69,1.1,0.13,1
2023-02-13,24.65,24.7,24.36,24.5,11910,-0.15,0.34,-0.61,1.39,0.17,-1
2023-02-10,24.4,24.62,24.28,24.55,6666,0.15,0.34,0.61,1.36,0.17,1
2023-02-09,24.67,24.83,24.39,24.5,16956,-0.17,0.44,-0.69,1.79,0.22,-1
2023-02-08,24.56,24.86,24.42,24.55,17702,-0.01,0.44,-0.02,1.79,0.22,1
2023-02-07,24.57,24.57,24.24,24.52,12795,-0.05,0.33,-0.2,1.35,0.17,1
2023-02-06,24.49,24.79,24.45,24.51,41214,0.02,0.34,0.08,1.39,0.17,-1
2023-02-03,24.6,25.08,24.59,24.65,9658,0.05,0.49,0.2,1.99,0.24,-1
2023-02-02,24.95,25.01,24.73,24.8,31518,-0.15,0.28,-0.6,1.13,0.14,-1
2023-02-01,24.82,25.0,24.82,24.95,30141,0.13,0.18,0.52,0.72,0.09,-1
2023-01-31,24.85,25.0,24.85,24.95,38250,0.1,0.15,0.4,0.6,0.07,-1
2023-01-30,24.76,25.0,24.68,24.95,56041,0.19,0.32,0.76,1.28,0.16,1
2023-01-27,24.85,24.99,24.75,24.92,17038,0.07,0.24,0.28,0.96,0.12,-1
2023-01-26,24.92,24.99,24.64,24.92,24356,0.0,0.35,0.0,1.4,0.17,1
2023-01-25,24.78,24.95,24.57,24.91,18408,0.13,0.38,0.52,1.52,0.19,1
2023-01-24,25.06,25.06,24.76,24.81,12591,-0.25,0.3,-1.01,1.21,0.15,-1
2023-01-23,24.59,25.01,24.59,24.84,26452,0.25,0.42,1.01,1.69,0.21,1
2023-01-20,24.6,24.8,24.35,24.67,22898,0.07,0.45,0.28,1.82,0.22,1
2023-01-19,24.52,24.8,24.26,24.58,16205,0.06,0.54,0.24,2.2,0.27,-1
2023-01-18,24.61,24.79,24.44,24.75,14771,0.14,0.35,0.57,1.41,0.17,1
2023-01-17,24.33,24.69,24.2,24.49,29124,0.16,0.48,0.65,1.96,0.24,1
2023-01-13,24.35,24.47,24.24,24.35,15580,0.0,0.23,0.0,0.95,0.12,-1
2023-01-12,24.39,24.74,24.03,24.35,31847,-0.04,0.71,-0.16,2.93,0.36,1
2023-01-11,24.15,24.34,24.15,24.26,7271,0.11,0.19,0.45,0.78,0.1,1
2023-01-10,24.04,24.3,24.04,24.21,7545,0.17,0.26,0.7,1.07,0.13,1
2023-01-09,24.15,24.27,24.03,24.08,13804,-0.07,0.24,-0.29,1.0,0.12,-1
2023-01-06,23.93,24.35,23.93,24.17,17073,0.24,0.42,0.99,1.74,0.21,1
2023-01-05,23.42,24.0,23.3,23.93,19491,0.51,0.7,2.13,2.93,0.35,1
2023-01-04,23.16,23.57,23.16,23.57,11467,0.41,0.41,1.74,1.74,0.21,1
2023-01-03,23.13,23.63,22.9,23.26,18372,0.13,0.73,0.56,3.12,0.36,1
2022-12-30,22.85,23.17,22.75,23.0,34350,0.15,0.42,0.65,1.83,0.21,-1
2022-12-29,23.15,23.8,23.15,23.31,26139,0.16,0.65,0.69,2.79,0.32,1
2022-12-28,23.28,23.55,23.02,23.14,38536,-0.14,0.53,-0.61,2.29,0.27,-1
2022-12-27,23.46,23.6,22.94,23.33,23742,-0.13,0.66,-0.56,2.83,0.33,-1
2022-12-23,23.74,23.91,23.52,23.74,14871,0.0,0.39,0.0,1.64,0.19,1
2022-12-22,23.86,24.0,23.6,23.7,21713,-0.16,0.39,-0.68,1.65,0.2,-1
2022-12-21,23.78,24.14,23.74,24.01,20152,0.23,0.4,0.96,1.67,0.2,1
2022-12-20,23.86,24.37,23.79,23.84,23532,-0.02,0.58,-0.08,2.43,0.29,-1
2022-12-19,24.03,24.39,23.8,24.06,18791,0.03,0.59,0.12,2.44,0.29,-1
2022-12-16,23.86,24.14,23.69,24.14,18098,0.28,0.45,1.16,1.86,0.22,1
2022-12-15,24.17,24.38,23.87,23.9,27892,-0.27,0.51,-1.13,2.15,0.26,-1
2022-12-14,24.13,24.67,23.94,24.17,19633,0.04,0.73,0.16,3.04,0.37,1
2022-12-13,24.19,24.59,24.09,24.1,19730,-0.09,0.5,-0.37,2.07,0.25,-1
2022-12-12,23.66,24.54,23.6,24.24,29326,0.58,0.95,2.39,3.9,0.47,1
2022-12-09,24.11,24.44,23.91,23.91,13302,-0.2,0.53,-0.84,2.22,0.27,-1
2022-12-08,24.18,24.41,24.08,24.21,29681,0.03,0.33,0.12,1.36,0.17,1
2022-12-07,24.16,24.56,24.09,24.18,24086,0.02,0.47,0.08,1.95,0.24,1
2022-12-06,24.45,24.78,24.02,24.17,27553,-0.28,0.76,-1.16,3.14,0.38,-1
2022-12-05,24.39,24.62,24.16,24.33,34608,-0.06,0.45,-0.25,1.86,0.23,-1
2022-12-02,24.32,24.85,24.32,24.56,19653,0.24,0.53,0.98,2.15,0.26,1
2022-12-01,24.27,24.67,24.08,24.54,21056,0.27,0.59,1.1,2.42,0.3,1
2022-11-30,23.82,24.41,23.82,24.27,38540,0.45,0.59,1.85,2.43,0.29,1
2022-11-29,23.91,24.14,23.78,23.78,22109,-0.13,0.36,-0.55,1.52,0.18,-1
2022-11-28,24.01,24.23,23.82,23.96,35693,-0.05,0.41,-0.21,1.71,0.2,-1
2022-11-25,23.97,24.28,23.94,24.05,6452,0.08,0.34,0.33,1.41,0.17,-1
2022-11-23,23.97,24.29,23.88,24.17,27431,0.2,0.41,0.83,1.7,0.2,1
2022-11-22,24.05,24.19,23.8,23.95,30645,-0.1,0.39,-0.42,1.62,0.19,-1
2022-11-21,23.85,24.2,23.71,24.04,28446,0.19,0.49,0.79,2.04,0.24,1
2022-11-18,23.66,23.9,23.38,23.87,42019,0.21,0.52,0.88,2.18,0.26,1
2022-11-17,23.61,23.79,23.41,23.73,35371,0.12,0.38,0.51,1.61,0.19,1
2022-11-16,23.66,23.99,23.54,23.72,25633,0.06,0.45,0.25,1.9,0.23,-1
2022-11-15,23.57,23.98,23.5,23.76,50372,0.19,0.48,0.8,2.04,0.24,1
2022-11-14,23.81,23.9,23.2,23.37,42930,-0.44,0.7,-1.88,2.98,0.35,-1
2022-11-11,24.02,24.33,23.44,23.93,55200,-0.09,0.89,-0.38,3.72,0.44,-1
2022-11-10,23.63,24.44,23.48,24.26,16730,0.63,0.96,2.6,3.96,0.48,1
2022-11-09,23.25,23.55,23.12,23.4,25326,0.15,0.43,0.64,1.84,0.21,-1
2022-11-08,22.88,23.45,22.88,23.44,24403,0.56,0.57,2.39,2.43,0.29,1
2022-11-07,22.43,22.95,22.4,22.91,32918,0.48,0.55,2.1,2.4,0.28,1
2022-11-04,22.58,22.74,22.17,22.58,34929,0.0,0.57,0.0,2.52,0.28,-1
2022-11-03,22.49,22.97,22.2,22.58,65834,0.09,0.77,0.4,3.39,0.38,1
2022-11-02,22.7,23.05,22.4,22.55,21536,-0.15,0.65,-0.67,2.88,0.33,-1
2022-11-01,22.65,22.8,22.33,22.75,54357,0.1,0.47,0.44,2.07,0.24,1
2022-10-31,22.3,22.83,22.08,22.45,287491,0.15,0.75,0.67,3.34,0.38,-1
2022-10-28,21.98,22.57,21.95,22.57,25069,0.59,0.62,2.59,2.75,0.31,1
2022-10-27,22.14,22.38,21.98,22.1,41231,-0.04,0.39,-0.18,1.79,0.2,-1
2022-10-26,21.75,22.39,21.75,22.23,26340,0.48,0.64,2.16,2.88,0.32,1
2022-10-25,21.77,22.1,21.7,21.95,55563,0.18,0.4,0.82,1.82,0.2,1
2022-10-24,21.29,21.8,21.17,21.67,20471,0.38,0.63,1.75,2.91,0.31,1
2022-10-21,21.43,21.43,20.69,21.25,57192,-0.18,0.74,-0.85,3.48,0.37,-1
2022-10-20,21.62,21.84,21.41,21.47,21628,-0.15,0.43,-0.7,2.0,0.21,-1
2022-10-19,21.77,21.88,21.35,21.6,34384,-0.17,0.53,-0.79,2.45,0.26,-1
2022-10-18,22.08,22.24,21.57,21.87,55739,-0.21,0.67,-0.96,3.06,0.33,-1
2022-10-17,21.95,22.18,21.9,22.03,24212,0.08,0.28,0.36,1.27,0.14,1
2022-10-14,21.9,22.16,21.7,21.78,50283,-0.12,0.46,-0.55,2.11,0.23,-1
2022-10-13,21.42,22.08,21.23,21.87,56596,0.45,0.85,2.06,3.89,0.42,1
2022-10-12,21.86,22.02,21.21,21.75,65240,-0.11,0.81,-0.51,3.7,0.4,-1
2022-10-11,22.77,22.77,21.8,22.15,60216,-0.62,0.97,-2.8,4.38,0.48,-1
2022-10-10,23.25,23.25,22.42,22.85,20659,-0.4,0.83,-1.75,3.63,0.41,-1
2022-10-07,23.8,23.8,23.26,23.27,21978,-0.53,0.54,-2.28,2.32,0.27,-1
2022-10-06,23.85,24.13,23.83,23.94,8085,0.09,0.3,0.38,1.23,0.15,-1
2022-10-05,24.0,24.11,23.76,24.08,7713,0.08,0.35,0.33,1.44,0.17,-1
2022-10-04,24.43,24.54,24.06,24.13,24145,-0.3,0.49,-1.24,2.01,0.24,-1
2022-10-03,24.5,24.83,24.31,24.36,18615,-0.14,0.52,-0.57,2.13,0.26,1
2022-09-30,24.86,25.1,24.29,24.29,136655,-0.57,0.81,-2.35,3.33,0.41,-1
2022-09-29,25.04,25.35,24.91,25.27,19568,0.23,0.44,0.91,1.74,0.22,1
2022-09-28,24.8,25.37,24.55,25.03,23501,0.23,0.82,0.92,3.28,0.41,1
2022-09-27,24.36,24.91,24.31,24.88,25661,0.52,0.6,2.09,2.41,0.3,1
2022-09-26,24.4,24.54,24.09,24.39,13433,-0.01,0.45,-0.04,1.85,0.22,-1
2022-09-23,24.6,24.62,24.37,24.56,10005,-0.04,0.25,-0.16,1.02,0.12,-1
2022-09-22,24.52,24.62,24.41,24.6,12034,0.08,0.21,0.33,0.85,0.11,1
2022-09-21,24.64,24.78,24.55,24.55,9643,-0.09,0.22,-0.37,0.92,0.11,-1
2022-09-20,24.42,24.66,24.42,24.63,12175,0.21,0.24,0.85,0.97,0.12,-1
2022-09-19,24.48,24.83,24.45,24.65,15187,0.17,0.38,0.69,1.55,0.19,1
2022-09-16,24.79,24.79,24.31,24.58,15574,-0.21,0.48,-0.85,1.95,0.24,-1
2022-09-15,24.74,24.99,24.74,24.97,12090,0.23,0.25,0.92,1.0,0.12,1
2022-09-14,24.7,24.93,24.59,24.86,11258,0.16,0.34,0.64,1.37,0.17,1
2022-09-13,24.59,24.92,24.59,24.82,15040,0.23,0.33,0.93,1.33,0.17,1
2022-09-12,24.33,24.86,24.29,24.8,21015,0.47,0.57,1.9,2.3,0.28,1
2022-09-09,24.15,24.35,24.12,24.35,14078,0.2,0.23,0.82,0.94,0.12,1
2022-09-08,24.09,24.33,24.04,24.1,23221,0.01,0.29,0.04,1.2,0.14,-1
2022-09-07,24.05,24.67,24.02,24.1,9762,0.05,0.65,0.21,2.72,0.33,-1
2022-09-06,23.91,24.25,23.75,24.12,28633,0.21,0.5,0.87,2.07,0.25,1
2022-09-02,24.41,24.62,23.9,23.99,31605,-0.42,0.72,-1.75,3.01,0.36,-1
2022-09-01,24.78,25.05,24.21,24.4,16729,-0.38,0.84,-1.56,3.44,0.42,-1
2022-08-31,25.25,25.25,24.78,24.78,23789,-0.47,0.47,-1.9,1.9,0.23,-1
2022-08-30,24.94,25.19,24.94,25.16,7006,0.22,0.25,0.87,0.99,0.12,1
2022-08-29,25.1,25.24,24.86,24.97,7746,-0.13,0.38,-0.52,1.51,0.19,-1
2022-08-26,25.2,25.29,25.03,25.2,5674,-0.0,0.26,-0.02,1.05,0.13,-1
2022-08-25,25.05,25.44,25.05,25.32,3685,0.27,0.39,1.07,1.54,0.2,1
2022-08-24,24.7,25.16,24.64,25.01,13456,0.31,0.52,1.24,2.08,0.26,1
2022-08-23,25.07,25.29,24.01,24.7,41672,-0.37,1.28,-1.5,5.18,0.64,-1
2022-08-22,25.16,25.21,25.04,25.07,5871,-0.09,0.17,-0.36,0.68,0.09,-1
2022-08-19,25.28,25.35,25.23,25.3,5567,0.02,0.12,0.08,0.48,0.06,-1
2022-08-18,25.32,25.52,25.27,25.41,5116,0.09,0.25,0.35,0.98,0.12,-1
2022-08-17,25.59,25.66,25.33,25.41,8441,-0.18,0.33,-0.71,1.28,0.16,-1
2022-08-16,25.69,25.96,25.59,25.76,8690,0.07,0.37,0.27,1.43,0.18,1
2022-08-15,25.71,25.95,25.71,25.72,10163,0.01,0.24,0.04,0.94,0.12,-1
2022-08-12,25.68,25.94,25.64,25.79,5548,0.11,0.3,0.43,1.15,0.15,1
2022-08-11,25.75,25.79,25.54,25.68,14249,-0.07,0.25,-0.27,0.97,0.12,-1
2022-08-10,25.78,25.96,25.71,25.79,4121,0.01,0.25,0.04,0.98,0.13,1
2022-08-09,25.83,25.87,25.54,25.72,6807,-0.11,0.33,-0.43,1.28,0.17,-1
2022-08-08,25.99,26.08,25.68,25.78,13825,-0.21,0.4,-0.81,1.54,0.2,-1
2022-08-05,26.03,26.1,25.86,25.98,9524,-0.05,0.24,-0.19,0.92,0.12,-1
2022-08-04,26.19,26.22,25.88,26.22,17760,0.03,0.34,0.1,1.3,0.17,1
2022-08-03,26.01,26.1,25.8,26.1,17489,0.09,0.3,0.34,1.15,0.15,1
2022-08-02,25.76,26.14,25.72,26.08,36218,0.32,0.43,1.23,1.63,0.21,1
2022-08-01,25.81,25.9,25.74,25.79,9246,-0.02,0.16,-0.08,0.62,0.08,-1
2022-07-29,25.87,25.94,25.61,25.85,36286,-0.02,0.33,-0.08,1.29,0.17,1
2022-07-28,25.67,25.91,25.52,25.8,13847,0.13,0.39,0.5,1.51,0.2,1
2022-07-27,25.63,25.77,25.62,25.72,5123,0.09,0.15,0.35,0.58,0.07,1
2022-07-26,25.7,25.86,25.61,25.61,4088,-0.09,0.25,-0.35,0.99,0.13,-1
2022-07-25,25.63,25.88,25.6,25.88,7434,0.25,0.28,0.97,1.07,0.14,1
2022-07-22,25.62,25.84,25.6,25.73,5426,0.11,0.24,0.43,0.93,0.12,1
2022-07-21,25.22,25.61,25.22,25.56,12727,0.34,0.39,1.33,1.53,0.2,1
2022-07-20,25.39,25.5,25.06,25.29,8453,-0.1,0.44,-0.4,1.74,0.22,1
2022-07-19,25.05,25.41,25.01,25.2,4125,0.15,0.4,0.6,1.57,0.2,1
2022-07-18,25.13,25.27,24.99,24.99,6007,-0.14,0.28,-0.56,1.12,0.14,-1
2022-07-15,25.05,25.16,24.96,25.14,15616,0.09,0.21,0.36,0.82,0.1,1
2022-07-14,24.75,24.94,24.75,24.94,8012,0.19,0.19,0.76,0.76,0.1,1
2022-07-13,24.9,25.0,24.85,24.85,8753,-0.05,0.15,-0.2,0.6,0.07,-1
2022-07-12,25.06,25.17,25.02,25.08,3953,0.02,0.15,0.09,0.6,0.08,-1
2022-07-11,25.01,25.16,25.01,25.13,6540,0.12,0.15,0.48,0.6,0.07,1
2022-07-08,24.98,25.12,24.98,25.12,10973,0.14,0.14,0.56,0.56,0.07,1
2022-07-07,24.95,25.13,24.95,25.0,13843,0.05,0.18,0.2,0.72,0.09,-1
2022-07-06,25.17,25.19,24.95,25.0,9041,-0.17,0.24,-0.68,0.96,0.12,-1
2022-07-05,24.95,25.19,24.85,25.07,8953,0.12,0.34,0.48,1.36,0.17,-1
2022-07-01,25.03,25.2,24.58,25.07,8538,0.04,0.62,0.16,2.47,0.31,1
2022-06-30,25.01,25.04,24.72,25.03,41058,0.02,0.32,0.08,1.29,0.16,-1
2022-06-29,25.25,25.45,25.25,25.35,9284,0.1,0.2,0.39,0.79,0.1,1
2022-06-28,25.43,25.43,25.11,25.26,14783,-0.17,0.32,-0.67,1.27,0.16,-1
2022-06-27,25.4,25.4,25.28,25.34,10583,-0.06,0.12,-0.24,0.49,0.06,1
2022-06-24,24.84,25.44,24.8,25.25,20922,0.41,0.64,1.62,2.53,0.32,1
2022-06-23,24.38,24.88,24.22,24.71,12825,0.33,0.66,1.34,2.68,0.33,1
2022-06-22,24.22,24.5,24.11,24.43,29357,0.21,0.39,0.86,1.6,0.2,1
2022-06-21,23.84,24.38,23.84,24.34,21411,0.5,0.54,2.07,2.22,0.27,1
2022-06-17,23.84,24.13,23.73,23.87,16822,0.03,0.4,0.13,1.68,0.2,-1
2022-06-16,23.84,24.22,23.6,23.88,21252,0.04,0.62,0.17,2.6,0.31,-1
2022-06-15,23.75,24.45,23.72,24.1,28608,0.35,0.73,1.45,3.03,0.37,1
2022-06-14,23.78,24.0,23.51,23.75,20802,-0.03,0.49,-0.13,2.06,0.24,-1
2022-06-13,24.43,24.48,23.75,23.77,26769,-0.66,0.73,-2.78,3.07,0.37,-1
2022-06-10,25.06,25.06,24.06,24.77,42083,-0.29,1.0,-1.17,4.04,0.5,-1
2022-06-09,25.32,25.32,25.06,25.12,33940,-0.2,0.26,-0.8,1.04,0.13,-1
2022-06-08,25.6,25.6,25.38,25.41,11523,-0.19,0.22,-0.75,0.87,0.11,-1
2022-06-07,25.3,25.59,25.27,25.55,16242,0.25,0.32,0.98,1.25,0.16,1
2022-06-06,25.3,25.8,25.28,25.31,14033,0.01,0.52,0.04,2.06,0.26,1
2022-06-03,25.38,25.68,25.13,25.3,33477,-0.08,0.55,-0.32,2.19,0.28,-1
2022-06-02,25.45,25.64,25.28,25.53,25808,0.08,0.36,0.31,1.41,0.18,-1
2022-06-01,25.8,25.82,25.42,25.57,12278,-0.23,0.4,-0.9,1.56,0.2,-1
2022-05-31,26.24,26.24,25.74,25.92,71440,-0.32,0.5,-1.23,1.93,0.25,-1
2022-05-27,26.32,26.45,26.14,26.19,34773,-0.13,0.31,-0.5,1.18,0.15,-1
2022-05-26,26.19,26.48,26.16,26.36,11338,0.17,0.32,0.64,1.21,0.16,-1
2022-05-25,25.65,26.39,25.65,26.38,12118,0.73,0.74,2.77,2.81,0.37,1
2022-05-24,25.59,25.89,25.31,25.75,14103,0.16,0.58,0.62,2.25,0.29,1
2022-05-23,25.43,26.0,25.43,25.52,10481,0.09,0.57,0.35,2.23,0.28,1
2022-05-20,25.66,25.9,25.44,25.44,34099,-0.22,0.46,-0.86,1.83,0.23,-1
2022-05-19,25.38,25.88,25.38,25.56,7677,0.18,0.5,0.7,1.94,0.25,-1
2022-05-18,25.41,25.94,25.18,25.63,36273,0.22,0.76,0.86,2.97,0.38,1
2022-05-17,25.89,26.19,25.55,25.55,19831,-0.34,0.64,-1.33,2.5,0.32,-1
2022-05-16,25.44,25.84,25.31,25.68,13374,0.24,0.52,0.93,2.03,0.26,1
2022-05-13,25.64,25.81,25.38,25.56,41298,-0.08,0.42,-0.31,1.66,0.21,-1
2022-05-12,25.83,26.06,25.58,25.64,48572,-0.19,0.48,-0.74,1.86,0.24,-1
2022-05-11,25.81,26.12,25.75,25.91,30024,0.1,0.37,0.39,1.41,0.18,1
2022-05-10,25.23,25.9,25.15,25.83,109352,0.6,0.75,2.32,2.9,0.38,1
2022-05-09,25.11,25.41,25.0,25.09,16664,-0.02,0.41,-0.08,1.64,0.21,-1
2022-05-06,25.08,25.35,25.08,25.22,15152,0.14,0.27,0.56,1.06,0.13,-1
2022-05-05,25.53,25.67,25.05,25.25,11992,-0.28,0.62,-1.11,2.46,0.31,-1
2022-05-04,25.47,25.88,25.29,25.45,16357,-0.02,0.59,-0.08,2.31,0.29,-1
2022-05-03,25.62,25.66,25.43,25.53,9315,-0.09,0.23,-0.35,0.91,0.12,-1
2022-05-02,25.58,25.87,25.29,25.65,29348,0.07,0.58,0.27,2.26,0.29,-1
2022-04-29,25.34,25.89,25.15,25.87,53927,0.53,0.74,2.05,2.86,0.37,1
2022-04-28,25.14,25.57,24.82,25.53,21159,0.39,0.75,1.53,2.92,0.37,1
2022-04-27,25.83,26.09,25.04,25.07,20868,-0.76,1.04,-3.03,4.17,0.52,-1
2022-04-26,26.04,26.11,25.83,25.83,10139,-0.21,0.28,-0.81,1.08,0.14,-1
2022-04-25,26.05,26.11,26.01,26.07,11297,0.02,0.1,0.08,0.38,0.05,-1
2022-04-22,26.02,26.1,26.0,26.1,8970,0.08,0.1,0.31,0.38,0.05,1
2022-04-21,26.05,26.24,26.0,26.07,16784,0.02,0.24,0.08,0.91,0.12,1
2022-04-20,26.03,26.18,25.9,26.05,9107,0.02,0.27,0.08,1.05,0.14,1
2022-04-19,25.89,26.22,25.89,26.03,10012,0.14,0.33,0.54,1.27,0.16,1
2022-04-18,26.0,26.18,25.88,25.89,10321,-0.11,0.3,-0.42,1.16,0.15,-1
2022-04-14,25.97,26.07,25.96,26.0,6941,0.03,0.11,0.12,0.42,0.05,-1
2022-04-13,26.05,26.24,25.97,26.0,16264,-0.05,0.27,-0.19,1.05,0.14,-1
2022-04-12,26.01,26.35,25.97,26.07,126868,0.06,0.38,0.23,1.46,0.19,1
2022-04-11,25.87,26.13,25.87,26.01,28991,0.14,0.26,0.54,1.0,0.13,1
2022-04-08,26.1,26.16,26.0,26.0,12533,-0.1,0.16,-0.38,0.6,0.08,-1
2022-04-07,25.83,26.21,25.83,26.16,11929,0.33,0.38,1.26,1.45,0.19,1
2022-04-06,25.75,26.12,25.75,25.89,21186,0.14,0.37,0.54,1.43,0.19,-1
2022-04-05,26.18,26.18,25.92,25.95,18319,-0.23,0.26,-0.89,1.0,0.13,-1
2022-04-04,26.21,26.38,26.12,26.3,15866,0.09,0.26,0.34,0.98,0.13,1
2022-04-01,26.0,26.41,25.89,26.21,28977,0.21,0.52,0.8,1.97,0.26,1
2022-03-31,25.72,26.29,25.61,26.12,272313,0.4,0.68,1.53,2.61,0.34,1
2022-03-30,25.93,26.11,25.93,26.02,29730,0.09,0.18,0.33,0.69,0.09,1
2022-03-29,25.52,25.98,25.52,25.89,26240,0.37,0.46,1.43,1.78,0.23,1
2022-03-28,25.42,25.54,25.41,25.51,10929,0.09,0.13,0.36,0.52,0.07,1
2022-03-25,25.58,25.6,25.35,25.4,23077,-0.17,0.25,-0.69,1.0,0.13,-1
2022-03-24,25.64,25.8,25.53,25.58,49024,-0.06,0.27,-0.23,1.06,0.13,-1
2022-03-23,25.51,25.62,25.51,25.58,15043,0.07,0.11,0.27,0.45,0.06,1
2022-03-22,25.54,25.68,25.29,25.57,15890,0.03,0.39,0.12,1.52,0.19,-1
2022-03-21,25.52,25.7,25.51,25.58,13831,0.06,0.19,0.23,0.73,0.09,1
2022-03-18,25.64,25.77,25.53,25.53,44682,-0.11,0.24,-0.43,0.94,0.12,-1
2022-03-17,25.5,25.92,25.5,25.62,17592,0.12,0.42,0.47,1.63,0.21,1
2022-03-16,25.44,25.75,25.33,25.46,30878,0.02,0.42,0.08,1.65,0.21,1
2022-03-15,25.52,25.65,25.35,25.38,91929,-0.14,0.3,-0.55,1.18,0.15,-1
2022-03-14,26.05,26.05,25.4,25.45,20511,-0.6,0.65,-2.36,2.55,0.33,-1
2022-03-11,25.93,26.15,25.92,25.94,63240,0.01,0.23,0.04,0.89,0.11,-1
2022-03-10,25.77,26.19,25.77,26.08,8452,0.31,0.42,1.19,1.61,0.21,1
2022-03-09,25.87,26.0,25.82,25.82,6489,-0.05,0.18,-0.21,0.72,0.09,1
2022-03-08,25.77,25.9,25.51,25.76,9834,-0.01,0.39,-0.04,1.51,0.19,-1
2022-03-07,26.2,26.2,25.77,25.77,9714,-0.43,0.43,-1.67,1.67,0.21,-1
2022-03-04,26.25,26.41,26.17,26.17,47320,-0.08,0.24,-0.31,0.91,0.12,-1
2022-03-03,26.38,26.48,26.25,26.35,68713,-0.03,0.23,-0.11,0.87,0.12,-1
2022-03-02,26.31,26.55,26.31,26.36,49629,0.05,0.24,0.19,0.91,0.12,-1
2022-03-01,26.31,26.55,26.31,26.43,10035,0.12,0.24,0.45,0.91,0.12,1
2022-02-28,26.41,26.55,26.31,26.31,16706,-0.1,0.24,-0.38,0.91,0.12,-1
2022-02-25,26.4,26.56,26.4,26.49,12002,0.09,0.16,0.34,0.6,0.08,1
2022-02-24,26.38,26.56,26.22,26.41,16192,0.03,0.34,0.11,1.31,0.17,-1
2022-02-23,26.67,26.67,26.48,26.49,7773,-0.18,0.19,-0.68,0.72,0.1,-1
2022-02-22,26.7,26.75,26.29,26.63,10390,-0.07,0.46,-0.26,1.74,0.23,-1
2022-02-18,26.55,27.1,26.43,26.85,19873,0.3,0.67,1.12,2.5,0.34,1
2022-02-17,26.37,26.64,26.35,26.64,13083,0.27,0.29,1.01,1.09,0.14,1
2022-02-16,26.41,26.56,26.07,26.45,13440,0.04,0.49,0.15,1.85,0.24,-1
2022-02-15,26.52,26.73,26.49,26.51,40972,-0.01,0.24,-0.04,0.91,0.12,-1
2022-02-14,26.65,26.7,26.49,26.51,26080,-0.14,0.21,-0.53,0.8,0.11,-1
2022-02-11,26.67,26.79,26.34,26.65,46530,-0.02,0.45,-0.08,1.7,0.23,-1
2022-02-10,26.16,26.8,25.05,26.67,164784,0.51,1.75,1.91,6.56,0.88,1
2022-02-09,26.24,26.47,26.24,26.3,25551,0.06,0.23,0.23,0.86,0.11,1
2022-02-08,26.19,26.32,26.19,26.23,12087,0.04,0.12,0.15,0.48,0.06,-1
2022-02-07,26.25,26.37,26.25,26.3,14904,0.05,0.12,0.19,0.46,0.06,-1
2022-02-04,26.25,26.45,26.08,26.31,16265,0.06,0.37,0.23,1.41,0.19,-1
2022-02-03,26.55,26.61,26.42,26.44,9088,-0.11,0.19,-0.42,0.72,0.09,-1
2022-02-02,26.56,26.74,26.56,26.69,49809,0.13,0.18,0.49,0.67,0.09,1
2022-02-01,26.44,26.75,26.44,26.66,34923,0.22,0.31,0.83,1.16,0.15,1
2022-01-31,26.38,26.59,26.38,26.5,13123,0.12,0.21,0.45,0.81,0.11,1
2022-01-28,26.61,26.61,26.47,26.48,32755,-0.13,0.14,-0.49,0.53,0.07,-1
2022-01-27,26.42,26.74,26.19,26.52,127176,0.09,0.55,0.36,2.07,0.27,1
2022-01-26,26.37,26.53,26.33,26.47,38799,0.1,0.2,0.38,0.76,0.1,1
2022-01-25,26.32,26.45,26.31,26.38,7478,0.06,0.14,0.23,0.53,0.07,-1
2022-01-24,26.41,26.42,26.3,26.39,44662,-0.02,0.12,-0.08,0.45,0.06,-1
2022-01-21,26.4,26.6,26.36,26.5,9895,0.1,0.24,0.38,0.91,0.12,1
2022-01-20,26.53,26.62,26.35,26.4,19430,-0.13,0.27,-0.49,1.01,0.13,-1
2022-01-19,26.41,26.54,26.4,26.47,15423,0.06,0.14,0.23,0.53,0.07,1
2022-01-18,26.5,26.51,26.35,26.35,19802,-0.15,0.16,-0.57,0.61,0.08,-1
2022-01-14,26.49,26.63,26.48,26.63,14923,0.14,0.15,0.53,0.55,0.07,1
2022-01-13,26.6,26.67,26.5,26.59,20583,-0.01,0.17,-0.04,0.64,0.09,1
2022-01-12,26.65,26.78,26.48,26.54,17941,-0.11,0.3,-0.41,1.13,0.15,-1
2022-01-11,26.46,26.67,26.46,26.59,22544,0.13,0.21,0.49,0.79,0.11,1
2022-01-10,26.53,26.56,26.42,26.47,19514,-0.06,0.15,-0.23,0.55,0.07,-1
2022-01-07,26.43,26.62,26.43,26.58,12923,0.15,0.19,0.56,0.73,0.1,-1
2022-01-06,26.41,26.61,26.38,26.6,32516,0.19,0.23,0.71,0.86,0.12,1
2022-01-05,26.48,26.61,26.14,26.37,67165,-0.11,0.47,-0.42,1.78,0.23,-1
2022-01-04,26.53,26.58,26.35,26.45,29104,-0.08,0.23,-0.3,0.87,0.11,-1
2022-01-03,26.66,26.7,26.51,26.54,41413,-0.12,0.19,-0.45,0.73,0.1,-1
2021-12-31,26.7,26.79,26.53,26.6,91527,-0.1,0.26,-0.38,0.98,0.13,-1
2021-12-30,26.9,27.12,26.85,27.02,81761,0.12,0.27,0.44,1.0,0.13,1
2021-12-29,26.91,27.01,26.83,26.9,73689,-0.01,0.18,-0.04,0.67,0.09,-1
2021-12-28,27.04,27.2,26.87,26.97,56327,-0.07,0.32,-0.26,1.2,0.16,-1
2021-12-27,27.54,27.54,27.07,27.17,97515,-0.37,0.47,-1.36,1.73,0.23,-1
2021-12-23,27.72,27.77,27.52,27.55,7520,-0.17,0.25,-0.62,0.9,0.12,-1
2021-12-22,27.55,27.78,27.48,27.64,10999,0.09,0.3,0.33,1.09,0.15,1
2021-12-21,27.79,27.82,27.61,27.63,15451,-0.16,0.21,-0.58,0.78,0.11,-1
2021-12-20,27.31,27.77,27.31,27.76,20946,0.45,0.46,1.62,1.66,0.23,1
2021-12-17,27.59,27.59,27.44,27.44,10959,-0.14,0.14,-0.53,0.53,0.07,-1
2021-12-16,27.73,27.75,27.59,27.63,24863,-0.1,0.16,-0.36,0.58,0.08,-1
2021-12-15,27.56,27.79,27.5,27.7,10918,0.14,0.29,0.51,1.05,0.14,1
2021-12-14,27.46,27.62,27.46,27.59,36814,0.13,0.16,0.47,0.58,0.08,1
2021-12-13,27.31,27.6,27.27,27.58,23726,0.27,0.33,0.98,1.2,0.17,1
2021-12-10,27.56,27.56,27.28,27.3,26213,-0.26,0.27,-0.95,1.01,0.14,-1
2021-12-09,27.38,27.66,27.38,27.55,10380,0.17,0.28,0.62,1.02,0.14,1
2021-12-08,27.61,27.63,27.38,27.4,6904,-0.21,0.25,-0.77,0.91,0.12,-1
2021-12-07,27.54,27.78,27.54,27.61,8009,0.07,0.24,0.27,0.87,0.12,1
2021-12-06,27.27,27.64,27.27,27.52,5026,0.25,0.37,0.92,1.34,0.19,1
2021-12-03,27.42,27.42,27.32,27.32,3755,-0.1,0.1,-0.35,0.35,0.05,-1
2021-12-02,27.48,27.59,27.42,27.53,6913,0.05,0.16,0.18,0.59,0.08,1
2021-12-01,27.5,27.72,27.48,27.48,8573,-0.02,0.24,-0.07,0.87,0.12,-1
2021-11-30,27.56,27.57,27.32,27.5,32462,-0.06,0.25,-0.22,0.93,0.13,1
2021-11-29,27.18,27.43,27.18,27.3,4048,0.12,0.25,0.44,0.92,0.12,1
2021-11-26,27.11,27.26,27.1,27.17,2878,0.06,0.17,0.24,0.62,0.08,-1
2021-11-24,27.19,27.39,27.05,27.25,9330,0.06,0.34,0.22,1.23,0.17,1
2021-11-23,27.09,27.15,27.06,27.1,6505,0.01,0.09,0.04,0.33,0.04,-1
2021-11-22,27.16,27.33,27.02,27.2,13289,0.04,0.31,0.15,1.14,0.15,-1
2021-11-19,27.23,27.25,27.15,27.21,12202,-0.02,0.1,-0.07,0.37,0.05,1
2021-11-18,27.12,27.19,27.01,27.16,9018,0.04,0.18,0.15,0.67,0.09,1
2021-11-17,27.07,27.1,27.0,27.1,12895,0.03,0.1,0.11,0.37,0.05,1
2021-11-16,26.98,27.24,26.98,27.07,12665,0.09,0.26,0.33,0.96,0.13,-1
2021-11-15,27.19,27.29,27.02,27.1,5824,-0.09,0.27,-0.33,0.99,0.13,-1
2021-11-12,27.16,27.3,27.1,27.1,8899,-0.06,0.2,-0.22,0.74,0.1,-1
2021-11-11,27.3,27.3,27.1,27.14,5268,-0.16,0.2,-0.59,0.74,0.1,-1
2021-11-10,27.51,27.62,27.09,27.27,12928,-0.24,0.53,-0.88,1.94,0.27,-1
2021-11-09,27.65,27.79,27.52,27.52,6970,-0.13,0.27,-0.47,1.0,0.14,-1
2021-11-08,27.92,27.92,27.51,27.7,18464,-0.22,0.41,-0.79,1.48,0.21,-1
2021-11-05,27.69,27.98,27.69,27.79,11349,0.1,0.29,0.36,1.04,0.14,1
2021-11-04,27.84,27.88,27.69,27.69,17692,-0.15,0.19,-0.54,0.69,0.09,-1
2021-11-03,27.67,27.87,27.67,27.76,5676,0.09,0.2,0.32,0.71,0.1,1
2021-11-02,27.62,27.89,27.62,27.75,8505,0.13,0.27,0.47,0.97,0.13,1
2021-11-01,27.49,27.84,27.4,27.65,15712,0.16,0.44,0.58,1.58,0.22,1
2021-10-29,27.41,27.61,27.35,27.59,6446,0.18,0.26,0.65,0.94,0.13,1
2021-10-28,27.65,27.65,27.35,27.49,4677,-0.16,0.3,-0.57,1.09,0.15,-1
2021-10-27,27.55,27.69,27.52,27.58,6726,0.03,0.17,0.11,0.62,0.09,1
2021-10-26,27.69,27.82,27.52,27.55,9715,-0.14,0.3,-0.51,1.07,0.15,-1
2021-10-25,27.77,27.84,27.69,27.72,4468,-0.05,0.15,-0.18,0.56,0.08,1
2021-10-22,27.71,27.83,27.59,27.68,7427,-0.03,0.24,-0.11,0.87,0.12,1
2021-10-21,27.79,27.8,27.52,27.57,5947,-0.22,0.28,-0.79,1.03,0.14,-1
2021-10-20,27.67,27.78,27.58,27.69,10785,0.02,0.2,0.07,0.72,0.1,1
2021-10-19,27.58,27.71,27.47,27.57,8448,-0.01,0.24,-0.04,0.87,0.12,1
2021-10-18,27.6,27.6,27.35,27.56,6052,-0.04,0.25,-0.15,0.91,0.13,-1
2021-10-15,27.64,27.72,27.5,27.6,6623,-0.04,0.22,-0.14,0.8,0.11,-1
2021-10-14,27.74,27.74,27.45,27.66,13875,-0.08,0.29,-0.29,1.05,0.14,1
2021-10-13,27.46,27.69,27.26,27.61,11650,0.15,0.43,0.54,1.56,0.21,1
2021-10-12,27.16,27.38,27.16,27.38,3517,0.23,0.23,0.82,0.82,0.11,1
2021-10-11,27.26,27.27,27.09,27.15,5666,-0.11,0.18,-0.41,0.66,0.09,-1
2021-10-08,27.01,27.16,27.01,27.16,13852,0.15,0.15,0.55,0.55,0.07,1
2021-10-07,27.02,27.11,26.96,27.01,9093,-0.01,0.15,-0.04,0.56,0.08,-1
2021-10-06,26.85,27.2,26.83,27.05,16942,0.2,0.37,0.74,1.37,0.19,1
2021-10-05,27.09,27.1,26.82,26.82,10125,-0.27,0.28,-1.01,1.04,0.14,-1
2021-10-04,27.36,27.37,26.88,26.98,12622,-0.38,0.49,-1.41,1.82,0.25,-1
2021-10-01,27.61,27.61,27.42,27.42,12708,-0.19,0.19,-0.69,0.69,0.09,-1
2021-09-30,27.91,27.91,27.49,27.53,46584,-0.38,0.42,-1.38,1.53,0.21,-1
2021-09-29,27.67,28.04,27.57,28.04,13957,0.37,0.47,1.32,1.68,0.23,1
2021-09-28,27.96,27.96,27.41,27.55,29873,-0.41,0.55,-1.49,2.0,0.28,-1
2021-09-27,27.95,28.01,27.8,28.0,10776,0.05,0.21,0.18,0.75,0.11,1
2021-09-24,27.97,28.07,27.86,27.98,8748,0.01,0.21,0.04,0.75,0.11,-1
2021-09-23,28.1,28.1,27.7,28.05,13411,-0.05,0.4,-0.18,1.44,0.2,-1
2021-09-22,27.96,28.18,27.81,28.09,13116,0.13,0.37,0.46,1.33,0.19,1
2021-09-21,28.04,28.04,27.78,27.98,8953,-0.06,0.26,-0.21,0.93,0.13,-1
2021-09-20,27.92,28.0,27.69,28.0,9154,0.08,0.31,0.29,1.11,0.15,-1
2021-09-17,27.92,28.1,27.84,28.03,6786,0.11,0.26,0.39,0.93,0.13,1
2021-09-16,27.89,28.09,27.76,27.99,18304,0.1,0.32,0.36,1.16,0.16,1
2021-09-15,27.77,27.92,27.61,27.92,17307,0.15,0.31,0.54,1.09,0.15,1
2021-09-14,27.92,27.92,27.77,27.77,4910,-0.15,0.15,-0.54,0.54,0.08,-1
2021-09-13,27.94,27.95,27.77,27.94,4571,0.0,0.18,0.0,0.64,0.09,1
2021-09-10,27.95,27.95,27.81,27.93,10556,-0.02,0.14,-0.07,0.5,0.07,-1
2021-09-09,27.72,27.97,27.72,27.97,7825,0.25,0.25,0.89,0.89,0.12,1
2021-09-08,27.74,27.75,27.66,27.7,7135,-0.04,0.09,-0.14,0.32,0.04,-1
2021-09-07,27.97,27.97,27.74,27.74,4696,-0.22,0.22,-0.81,0.81,0.11,-1
2021-09-03,27.88,27.9,27.77,27.89,4467,0.01,0.13,0.04,0.47,0.06,1
2021-09-02,27.78,27.86,27.72,27.86,9213,0.08,0.14,0.29,0.5,0.07,1
2021-09-01,27.6,27.8,27.6,27.75,8088,0.15,0.2,0.54,0.71,0.1,1
2021-08-31,27.75,27.76,27.44,27.51,43963,-0.24,0.32,-0.87,1.16,0.16,-1
2021-08-30,27.63,27.78,27.6,27.72,9287,0.09,0.18,0.32,0.65,0.09,1
2021-08-27,27.63,27.7,27.41,27.68,16229,0.05,0.3,0.18,1.07,0.15,1
2021-08-26,27.64,27.65,27.45,27.57,6425,-0.07,0.2,-0.25,0.73,0.1,-1
2021-08-25,27.47,27.63,27.47,27.6,5956,0.13,0.16,0.47,0.58,0.08,1
2021-08-24,27.57,27.61,27.39,27.5,6100,-0.07,0.22,-0.25,0.8,0.11,-1
2021-08-23,27.58,27.64,27.47,27.5,6516,-0.08,0.17,-0.29,0.61,0.08,-1
2021-08-20,27.36,27.51,27.36,27.5,11113,0.14,0.15,0.51,0.55,0.08,1
2021-08-19,27.33,27.48,27.27,27.43,8861,0.1,0.21,0.36,0.77,0.11,1
2021-08-18,27.5,27.56,27.35,27.36,8936,-0.14,0.21,-0.51,0.77,0.1,-1
2021-08-17,27.42,27.57,27.34,27.5,8043,0.08,0.23,0.29,0.84,0.12,1
2021-08-16,27.42,27.58,27.41,27.45,11435,0.03,0.17,0.11,0.62,0.08,1
2021-08-13,27.45,27.54,27.38,27.4,13723,-0.05,0.16,-0.18,0.59,0.08,-1
2021-08-12,27.3,27.5,27.3,27.4,14746,0.1,0.2,0.36,0.73,0.1,1
2021-08-11,27.43,27.53,27.19,27.3,42107,-0.13,0.34,-0.48,1.25,0.17,-1
2021-08-10,27.7,27.7,27.3,27.3,25869,-0.4,0.4,-1.47,1.47,0.2,-1
2021-08-09,27.92,27.92,27.6,27.6,8831,-0.32,0.32,-1.16,1.16,0.16,-1
2021-08-06,27.77,27.95,27.72,27.88,29955,0.11,0.23,0.39,0.82,0.11,1
2021-08-05,27.78,27.93,27.75,27.78,26977,0.0,0.18,0.0,0.65,0.09,1
2021-08-04,27.89,27.94,27.75,27.75,37264,-0.14,0.19,-0.5,0.69,0.1,-1
2021-08-03,27.82,27.94,27.75,27.94,10481,0.12,0.19,0.43,0.68,0.1,1
2021-08-02,27.91,27.91,27.79,27.8,9144,-0.11,0.12,-0.4,0.43,0.06,-1
2021-07-30,27.86,27.96,27.71,27.8,15468,-0.06,0.25,-0.22,0.9,0.12,1
2021-07-29,27.8,27.91,27.75,27.77,9238,-0.03,0.16,-0.11,0.58,0.08,-1
2021-07-28,27.88,27.88,27.66,27.8,4784,-0.08,0.22,-0.29,0.79,0.11,-1
2021-07-27,27.69,27.8,27.57,27.8,13082,0.11,0.23,0.4,0.81,0.11,1
2021-07-26,27.62,27.84,27.62,27.79,8461,0.17,0.21,0.61,0.77,0.11,-1
2021-07-23,27.79,28.0,27.66,27.8,7741,0.01,0.34,0.04,1.24,0.17,1
2021-07-22,27.84,27.85,27.62,27.69,8078,-0.15,0.23,-0.54,0.81,0.11,-1
2021-07-21,27.82,27.88,27.76,27.79,6464,-0.03,0.12,-0.11,0.43,0.06,-1
2021-07-20,27.85,27.85,27.78,27.8,11972,-0.05,0.07,-0.18,0.27,0.04,1
2021-07-19,27.86,27.86,27.72,27.75,5683,-0.11,0.14,-0.4,0.52,0.07,-1
2021-07-16,27.91,27.97,27.69,27.81,8615,-0.1,0.28,-0.36,1.0,0.14,1
2021-07-15,27.97,27.97,27.72,27.76,6103,-0.21,0.25,-0.76,0.9,0.12,-1
2021-07-14,27.77,27.93,27.64,27.93,9292,0.16,0.29,0.57,1.05,0.15,1
2021-07-13,27.7,27.77,27.6,27.7,10870,0.0,0.17,0.0,0.6,0.08,-1
2021-07-12,27.99,28.03,27.75,27.79,20255,-0.2,0.28,-0.72,1.0,0.14,-1
2021-07-09,28.22,28.22,27.9,27.91,7707,-0.31,0.32,-1.11,1.15,0.16,-1
2021-07-08,28.11,28.21,28.1,28.11,9305,0.0,0.11,0.01,0.39,0.05,1
2021-07-07,28.07,28.19,27.95,28.09,12077,0.02,0.24,0.07,0.85,0.12,1
2021-07-06,27.92,28.06,27.84,28.06,13898,0.14,0.22,0.5,0.78,0.11,1
2021-07-02,27.96,27.96,27.78,27.87,7187,-0.09,0.18,-0.32,0.65,0.09,-1
2021-07-01,27.89,28.14,27.86,27.94,11050,0.05,0.28,0.18,1.0,0.14,-1
2021-06-30,28.31,28.38,28.06,28.1,49848,-0.21,0.32,-0.75,1.13,0.16,-1
2021-06-29,28.2,28.34,28.0,28.26,8741,0.06,0.34,0.21,1.2,0.17,1
2021-06-28,28.28,28.28,28.02,28.17,13058,-0.11,0.26,-0.39,0.92,0.13,-1
2021-06-25,28.18,28.24,28.02,28.24,9442,0.06,0.22,0.21,0.78,0.11,1
2021-06-24,28.29,28.29,28.07,28.1,16573,-0.19,0.22,-0.68,0.78,0.11,-1
2021-06-23,28.31,28.31,28.14,28.25,10540,-0.06,0.17,-0.21,0.6,0.08,-1
2021-06-22,28.24,28.27,28.2,28.27,10626,0.03,0.07,0.11,0.26,0.04,1
2021-06-21,28.16,28.25,28.16,28.22,7405,0.06,0.09,0.21,0.32,0.04,1
2021-06-18,28.28,28.28,28.03,28.09,18630,-0.19,0.25,-0.68,0.88,0.12,-1
2021-06-17,28.25,28.27,28.2,28.22,8045,-0.03,0.07,-0.11,0.25,0.04,1
2021-06-16,28.24,28.25,28.15,28.19,13823,-0.05,0.1,-0.18,0.35,0.05,-1
2021-06-15,28.24,28.24,28.17,28.21,5576,-0.03,0.07,-0.11,0.25,0.03,-1
2021-06-14,28.29,28.32,28.14,28.23,18631,-0.06,0.18,-0.21,0.62,0.09,-1
2021-06-11,28.3,28.41,27.95,28.23,6885,-0.07,0.46,-0.25,1.63,0.23,-1
2021-06-10,28.3,28.3,28.22,28.23,8400,-0.07,0.08,-0.25,0.29,0.04,1
2021-06-09,28.31,28.31,28.15,28.22,14502,-0.09,0.16,-0.32,0.56,0.08,-1
2021-06-08,28.4,28.4,28.18,28.26,14136,-0.14,0.22,-0.5,0.78,0.11,-1
2021-06-07,28.5,28.5,28.27,28.3,33728,-0.2,0.23,-0.71,0.81,0.12,-1
2021-06-04,28.23,28.52,28.23,28.42,8888,0.19,0.29,0.67,1.02,0.14,1
2021-06-03,28.21,28.34,28.19,28.28,3835,0.07,0.15,0.25,0.53,0.07,-1
2021-06-02,27.95,28.3,27.95,28.29,7064,0.34,0.35,1.2,1.24,0.18,1
2021-06-01,27.88,27.95,27.83,27.94,9605,0.06,0.12,0.21,0.43,0.06,1
2021-05-28,27.88,27.95,27.64,27.85,17174,-0.03,0.31,-0.11,1.13,0.16,1
2021-05-27,27.8,27.98,27.7,27.7,7665,-0.1,0.28,-0.36,1.01,0.14,-1
2021-05-26,27.9,27.9,27.7,27.86,4019,-0.04,0.2,-0.13,0.72,0.1,-1
2021-05-25,27.82,27.89,27.78,27.89,6482,0.07,0.11,0.25,0.39,0.06,1
2021-05-24,27.64,27.84,27.63,27.77,8906,0.13,0.21,0.47,0.76,0.11,1
2021-05-21,27.89,27.9,27.54,27.55,45376,-0.34,0.36,-1.23,1.31,0.18,-1
2021-05-20,27.91,28.0,27.83,27.83,12414,-0.08,0.17,-0.29,0.61,0.09,-1
2021-05-19,27.79,27.9,27.56,27.87,2879,0.08,0.34,0.29,1.21,0.17,-1
2021-05-18,27.75,27.88,27.75,27.87,6682,0.12,0.13,0.43,0.47,0.06,1
2021-05-17,27.8,27.83,27.4,27.83,8076,0.03,0.43,0.11,1.53,0.21,1
2021-05-14,27.44,27.71,27.44,27.71,4693,0.27,0.27,0.97,0.97,0.13,1
2021-05-13,27.27,27.47,27.14,27.31,3591,0.04,0.33,0.15,1.21,0.16,-1
2021-05-12,27.61,27.61,27.05,27.31,12091,-0.3,0.56,-1.1,2.05,0.28,-1
2021-05-11,27.51,27.65,27.38,27.64,12633,0.13,0.27,0.47,0.98,0.13,1
2021-05-10,27.79,28.02,27.52,27.52,5110,-0.27,0.5,-0.98,1.82,0.25,-1
2021-05-07,27.58,27.97,27.58,27.94,8622,0.36,0.39,1.29,1.4,0.2,1
2021-05-06,27.63,27.66,27.48,27.65,8220,0.02,0.18,0.07,0.65,0.09,-1
2021-05-05,27.86,27.9,27.68,27.75,6998,-0.11,0.23,-0.4,0.81,0.11,-1
2021-05-04,27.82,27.99,27.8,27.98,11313,0.16,0.19,0.55,0.68,0.09,-1
2021-05-03,27.63,27.99,27.63,27.98,10236,0.35,0.36,1.25,1.29,0.18,1
2021-04-30,27.72,27.97,27.6,27.6,44330,-0.12,0.37,-0.43,1.34,0.18,-1
2021-04-29,27.87,28.0,27.74,27.76,10344,-0.11,0.26,-0.4,0.94,0.13,-1
2021-04-28,28.06,28.18,27.86,28.0,7831,-0.06,0.32,-0.21,1.14,0.16,1
2021-04-27,27.8,28.0,27.8,27.99,8496,0.19,0.2,0.68,0.71,0.1,1
2021-04-26,27.91,28.11,27.8,27.95,6851,0.04,0.31,0.14,1.12,0.16,1
2021-04-23,28.0,28.16,27.83,27.83,17326,-0.17,0.33,-0.61,1.19,0.17,-1
2021-04-22,27.98,28.1,27.86,27.98,7561,0.0,0.24,0.0,0.86,0.12,1
2021-04-21,28.04,28.13,27.79,27.9,19188,-0.14,0.34,-0.5,1.22,0.17,-1
2021-04-20,28.15,28.15,27.75,27.98,56575,-0.17,0.4,-0.61,1.43,0.2,-1
2021-04-19,27.64,28.15,27.56,28.06,89317,0.42,0.59,1.5,2.12,0.3,1
2021-04-16,27.67,27.67,27.49,27.64,11450,-0.03,0.18,-0.11,0.65,0.09,-1
2021-04-15,27.6,27.65,27.39,27.65,10509,0.05,0.26,0.18,0.94,0.13,1
2021-04-14,27.52,27.56,27.39,27.51,13059,-0.01,0.17,-0.04,0.62,0.08,-1
2021-04-13,27.29,27.54,27.09,27.54,29019,0.25,0.45,0.91,1.63,0.22,1
2021-04-12,27.35,27.49,27.19,27.21,9082,-0.14,0.3,-0.51,1.1,0.15,-1
2021-04-09,27.46,27.49,27.2,27.27,9889,-0.19,0.29,-0.7,1.06,0.14,-1
2021-04-08,27.29,27.54,27.18,27.41,17643,0.12,0.36,0.44,1.31,0.18,1
2021-04-07,27.15,27.32,27.12,27.32,36276,0.17,0.2,0.62,0.73,0.1,1
2021-04-06,26.99,27.32,26.99,27.09,70266,0.1,0.33,0.37,1.22,0.17,1
2021-04-05,27.13,27.13,26.99,27.04,44666,-0.09,0.14,-0.33,0.52,0.07,-1
2021-04-01,27.0,27.29,26.95,27.12,40628,0.12,0.34,0.44,1.25,0.17,1
2021-03-31,27.5,27.55,25.71,26.9,119339,-0.6,1.84,-2.23,6.84,0.92,-1
2021-03-30,27.64,27.83,27.55,27.64,7705,0.0,0.28,0.0,1.01,0.14,-1
2021-03-29,27.83,27.86,27.6,27.7,9512,-0.13,0.26,-0.47,0.94,0.13,-1
2021-03-26,27.7,28.02,27.57,27.87,73557,0.17,0.45,0.61,1.61,0.22,1
2021-03-25,27.86,27.88,27.59,27.72,10204,-0.14,0.3,-0.51,1.08,0.15,-1
2021-03-24,27.77,27.98,27.74,27.82,22463,0.05,0.24,0.18,0.85,0.12,1
2021-03-23,27.67,27.79,27.65,27.68,4592,0.01,0.14,0.05,0.51,0.07,1
2021-03-22,27.53,27.69,27.4,27.6,7942,0.07,0.29,0.25,1.06,0.15,1
2021-03-19,27.42,27.65,27.33,27.47,8159,0.05,0.32,0.18,1.16,0.16,1
2021-03-18,27.86,27.86,27.34,27.34,12098,-0.52,0.52,-1.9,1.9,0.26,-1
2021-03-17,27.73,27.85,27.68,27.82,12883,0.09,0.18,0.32,0.64,0.09,1
2021-03-16,27.67,27.89,27.67,27.74,11823,0.07,0.22,0.25,0.78,0.11,-1
2021-03-15,27.74,27.78,27.71,27.74,9798,0.0,0.07,0.0,0.24,0.03,1
2021-03-12,27.71,27.72,27.53,27.66,4861,-0.05,0.19,-0.18,0.67,0.09,-1
2021-03-11,27.74,27.86,27.62,27.75,29558,0.01,0.24,0.04,0.86,0.12,-1
2021-03-10,27.76,27.76,27.74,27.75,8753,-0.01,0.02,-0.04,0.07,0.01,1
2021-03-09,27.76,27.76,27.6,27.69,4542,-0.07,0.16,-0.25,0.58,0.08,-1
2021-03-08,27.43,27.76,27.43,27.75,9583,0.32,0.33,1.15,1.19,0.17,1
2021-03-05,27.58,27.59,27.4,27.53,7034,-0.05,0.19,-0.18,0.69,0.1,1
2021-03-04,27.6,27.67,27.32,27.5,5837,-0.1,0.35,-0.36,1.27,0.18,-1
2021-03-03,27.6,27.62,27.48,27.54,4183,-0.06,0.14,-0.22,0.52,0.07,-1
2021-03-02,27.68,27.68,27.58,27.65,20135,-0.03,0.1,-0.11,0.35,0.05,-1
2021-03-01,27.39,27.67,27.39,27.67,18913,0.28,0.28,1.01,1.01,0.14,1
2021-02-26,26.94,27.34,26.67,27.34,53110,0.4,0.67,1.46,2.45,0.33,1
2021-02-25,27.14,27.18,26.73,26.76,19599,-0.38,0.45,-1.42,1.7,0.23,-1
2021-02-24,27.2,27.2,27.04,27.08,7615,-0.12,0.16,-0.44,0.59,0.08,-1
2021-02-23,27.3,27.35,27.19,27.2,7501,-0.1,0.16,-0.37,0.58,0.08,1
2021-02-22,27.29,27.34,27.16,27.19,7329,-0.1,0.18,-0.37,0.67,0.09,-1
2021-02-19,27.3,27.33,27.13,27.33,3638,0.03,0.2,0.11,0.73,0.1,1
2021-02-18,27.14,27.23,27.07,27.2,7960,0.06,0.17,0.23,0.61,0.08,1
2021-02-17,27.53,27.6,27.03,27.05,52437,-0.48,0.57,-1.77,2.11,0.29,-1
2021-02-16,27.67,27.67,27.32,27.32,9353,-0.35,0.35,-1.28,1.28,0.18,-1
2021-02-12,27.73,27.73,27.32,27.54,10578,-0.19,0.41,-0.69,1.49,0.21,-1
2021-02-11,28.18,28.18,27.69,27.69,12591,-0.49,0.49,-1.77,1.77,0.24,-1
2021-02-10,28.3,28.3,27.94,28.04,5956,-0.26,0.36,-0.93,1.28,0.18,-1
2021-02-09,27.92,28.27,27.92,28.25,8214,0.33,0.35,1.17,1.24,0.17,1
2021-02-08,28.27,28.27,27.87,28.05,7418,-0.22,0.4,-0.78,1.43,0.2,-1
2021-02-05,28.11,28.25,28.07,28.25,8275,0.14,0.18,0.5,0.64,0.09,1
2021-02-04,28.0,28.1,27.61,28.1,12659,0.1,0.49,0.36,1.74,0.25,1
2021-02-03,27.91,27.91,27.7,27.77,7772,-0.14,0.21,-0.5,0.76,0.11,-1
2021-02-02,27.93,28.05,27.85,28.01,7789,0.08,0.2,0.29,0.71,0.1,1
2021-02-01,27.79,28.02,27.55,27.82,8158,0.03,0.47,0.11,1.69,0.23,1
2021-01-29,27.82,27.92,27.35,27.68,41868,-0.14,0.57,-0.51,2.08,0.29,-1
2021-01-28,27.57,27.78,27.57,27.77,5959,0.2,0.21,0.72,0.76,0.11,1
2021-01-27,27.98,27.98,27.53,27.53,11660,-0.45,0.45,-1.63,1.63,0.23,-1
2021-01-26,28.0,28.01,27.89,28.0,4614,0.0,0.12,0.0,0.42,0.06,1
2021-01-25,28.32,28.32,27.81,27.94,9243,-0.38,0.51,-1.36,1.83,0.26,-1
2021-01-22,28.11,28.34,27.94,28.25,9318,0.14,0.39,0.5,1.39,0.2,1
2021-01-21,28.33,28.4,28.02,28.02,7736,-0.31,0.38,-1.11,1.37,0.19,-1
2021-01-20,28.42,28.42,28.24,28.24,17329,-0.18,0.19,-0.64,0.66,0.09,-1
2021-01-19,28.41,28.41,28.29,28.3,7415,-0.11,0.12,-0.39,0.42,0.06,-1
2021-01-15,28.01,28.43,28.01,28.3,7595,0.29,0.42,1.01,1.48,0.21,1
2021-01-14,28.17,28.18,27.77,28.18,14291,0.01,0.41,0.04,1.47,0.21,1
2021-01-13,27.75,28.05,27.63,28.05,10037,0.3,0.42,1.07,1.5,0.21,1
2021-01-12,27.65,27.71,27.6,27.61,101725,-0.04,0.11,-0.14,0.42,0.06,1
2021-01-11,27.81,27.81,27.47,27.58,69916,-0.23,0.34,-0.83,1.23,0.17,-1
2021-01-08,27.88,27.89,27.66,27.89,10715,0.01,0.23,0.04,0.83,0.12,1
2021-01-07,27.69,27.84,27.33,27.82,24959,0.13,0.51,0.47,1.83,0.26,1
2021-01-06,28.15,28.15,27.18,27.55,9133,-0.6,0.97,-2.18,3.52,0.48,-1
2021-01-05,27.75,28.1,27.72,28.05,5007,0.3,0.38,1.07,1.35,0.19,1
2021-01-04,28.37,28.37,27.68,27.68,10329,-0.69,0.69,-2.49,2.49,0.35,-1
2020-12-31,28.26,28.36,28.0,28.2,93551,-0.06,0.36,-0.21,1.28,0.18,1
2020-12-30,28.42,28.42,27.98,28.09,44615,-0.33,0.44,-1.17,1.57,0.22,-1
2020-12-29,28.39,28.66,28.39,28.59,16169,0.2,0.27,0.7,0.94,0.13,1
2020-12-28,28.55,28.66,28.24,28.39,19792,-0.16,0.42,-0.56,1.48,0.21,-1
2020-12-24,28.65,28.73,28.36,28.52,18312,-0.13,0.37,-0.46,1.3,0.19,1
2020-12-23,28.43,28.71,28.39,28.5,10642,0.07,0.32,0.25,1.12,0.16,-1
2020-12-22,28.52,28.75,28.12,28.54,12054,0.02,0.63,0.07,2.21,0.31,1
2020-12-21,28.45,28.47,28.4,28.46,7273,0.01,0.07,0.04,0.25,0.04,-1
2020-12-18,28.63,28.63,28.46,28.54,6042,-0.09,0.17,-0.32,0.6,0.08,-1
2020-12-17,28.33,28.63,28.32,28.63,8926,0.3,0.31,1.05,1.08,0.15,1
2020-12-16,28.05,28.32,28.02,28.32,10790,0.27,0.3,0.95,1.08,0.15,1
2020-12-15,28.07,28.07,27.95,28.05,15702,-0.02,0.12,-0.07,0.43,0.06,-1
2020-12-14,27.95,28.07,27.95,28.07,8258,0.12,0.12,0.43,0.43,0.06,-1
2020-12-11,28.06,28.08,27.87,28.07,6920,0.01,0.21,0.04,0.74,0.1,1
2020-12-10,28.09,28.09,27.87,28.06,6197,-0.03,0.22,-0.11,0.78,0.11,-1
2020-12-09,28.09,28.09,27.96,28.09,15625,0.0,0.13,0.0,0.46,0.06,-1
2020-12-08,27.94,28.1,27.93,28.09,9387,0.15,0.18,0.54,0.62,0.09,1
2020-12-07,27.94,27.94,27.61,27.93,12395,-0.01,0.33,-0.04,1.18,0.17,1
2020-12-04,27.83,27.87,27.78,27.83,30194,0.0,0.09,0.0,0.32,0.04,-1
2020-12-03,27.84,27.84,27.57,27.83,7913,-0.01,0.27,-0.04,0.97,0.13,1
2020-12-02,27.73,27.75,27.56,27.75,11949,0.02,0.19,0.07,0.7,0.1,1
2020-12-01,27.59,27.73,27.59,27.73,5876,0.14,0.14,0.5,0.5,0.07,1
2020-11-30,27.74,27.76,27.51,27.51,23952,-0.23,0.25,-0.84,0.91,0.12,-1
2020-11-27,27.77,27.77,27.58,27.77,5784,0.0,0.19,0.0,0.68,0.1,1
2020-11-25,27.77,27.81,27.72,27.72,8976,-0.05,0.09,-0.18,0.32,0.04,-1
2020-11-24,27.76,27.77,27.66,27.72,5559,-0.04,0.11,-0.15,0.38,0.05,-1
2020-11-23,27.68,27.76,27.56,27.72,8240,0.04,0.2,0.14,0.71,0.1,1
2020-11-20,27.7,27.7,27.42,27.52,15753,-0.18,0.28,-0.65,1.02,0.14,-1
2020-11-19,27.63,27.72,27.5,27.64,9488,0.01,0.22,0.04,0.8,0.11,1
2020-11-18,27.62,27.79,27.56,27.62,19430,0.0,0.23,0.0,0.83,0.11,-1
2020-11-17,27.53,27.85,27.49,27.75,22484,0.22,0.36,0.79,1.3,0.18,1
2020-11-16,27.49,27.59,27.46,27.59,14466,0.1,0.13,0.36,0.47,0.06,1
2020-11-13,27.41,27.49,27.41,27.49,4781,0.08,0.08,0.29,0.29,0.04,1
2020-11-12,27.58,27.58,27.2,27.35,7974,-0.23,0.38,-0.84,1.39,0.19,-1
2020-11-11,27.64,27.64,27.4,27.51,3843,-0.13,0.24,-0.47,0.87,0.12,-1
2020-11-10,27.35,27.63,27.3,27.63,19291,0.28,0.33,1.01,1.19,0.16,1
2020-11-09,27.7,27.7,27.2,27.35,38706,-0.35,0.5,-1.28,1.83,0.25,-1
2020-11-06,27.51,27.51,27.24,27.35,12112,-0.16,0.27,-0.59,0.99,0.14,-1
2020-11-05,27.37,27.52,27.32,27.51,14775,0.14,0.2,0.51,0.73,0.1,1
2020-11-04,27.21,27.37,27.12,27.34,19626,0.13,0.25,0.48,0.93,0.13,1
2020-11-03,26.88,27.13,26.88,27.05,25341,0.17,0.25,0.63,0.92,0.12,1
2020-11-02,26.77,26.91,26.77,26.78,14802,0.01,0.14,0.04,0.54,0.07,1
2020-10-30,26.49,26.75,26.42,26.71,28650,0.22,0.33,0.82,1.24,0.17,1
2020-10-29,26.67,26.73,26.3,26.44,11390,-0.23,0.43,-0.87,1.63,0.21,-1
2020-10-28,26.79,26.89,26.55,26.56,39068,-0.23,0.34,-0.87,1.28,0.17,-1
2020-10-27,26.98,27.1,26.95,26.95,15169,-0.03,0.15,-0.11,0.56,0.07,-1
2020-10-26,27.04,27.04,26.85,26.97,50821,-0.07,0.19,-0.26,0.7,0.09,-1
2020-10-23,26.94,27.14,26.9,27.12,44145,0.18,0.24,0.66,0.88,0.12,1
2020-10-22,26.85,26.9,26.58,26.9,29800,0.05,0.32,0.19,1.19,0.16,1
2020-10-21,27.02,27.18,26.71,26.8,49744,-0.22,0.47,-0.82,1.75,0.23,-1
2020-10-20,26.88,27.02,26.75,27.02,42031,0.14,0.27,0.52,1.0,0.13,1
2020-10-19,26.86,26.88,26.62,26.79,375730,-0.07,0.26,-0.26,0.97,0.13,1
2020-10-16,26.96,27.0,26.71,26.74,42005,-0.22,0.29,-0.82,1.08,0.14,-1
2020-10-15,26.84,27.02,26.84,26.93,177092,0.09,0.18,0.33,0.67,0.09,-1
2020-10-14,27.17,27.17,26.95,27.04,21953,-0.13,0.22,-0.48,0.81,0.11,-1
2020-10-13,27.25,27.25,27.1,27.14,308416,-0.11,0.15,-0.41,0.55,0.07,-1
2020-10-12,27.19,27.33,27.08,27.33,54778,0.14,0.25,0.51,0.92,0.13,1
2020-10-09,27.2,27.23,26.98,27.12,41984,-0.08,0.25,-0.29,0.91,0.12,-1
2020-10-08,27.18,27.33,27.12,27.15,439520,-0.03,0.21,-0.11,0.77,0.1,1
2020-10-07,27.23,27.34,27.12,27.12,289743,-0.11,0.22,-0.41,0.81,0.11,-1
2020-10-06,27.43,27.43,27.07,27.13,665510,-0.3,0.36,-1.11,1.33,0.18,-1
2020-10-05,28.07,28.11,27.31,27.43,130599,-0.64,0.8,-2.33,2.93,0.4,-1
2020-10-02,27.91,28.02,27.51,28.0,15978,0.09,0.51,0.32,1.84,0.26,-1
2020-10-01,27.99,28.1,27.89,28.01,19004,0.02,0.21,0.07,0.75,0.11,-1
2020-09-30,28.44,28.44,27.71,28.1,257235,-0.34,0.73,-1.21,2.6,0.37,-1
2020-09-29,28.4,28.45,28.26,28.29,46091,-0.11,0.19,-0.39,0.66,0.09,-1
2020-09-28,28.3,28.34,27.79,28.3,40707,0.0,0.55,0.0,1.96,0.28,1
2020-09-25,27.22,27.7,27.22,27.68,7144,0.46,0.48,1.68,1.73,0.24,1
2020-09-24,27.28,27.28,26.89,27.22,11415,-0.06,0.39,-0.23,1.43,0.2,-1
2020-09-23,27.89,27.89,26.97,27.32,19302,-0.57,0.92,-2.09,3.37,0.46,-1
2020-09-22,27.74,27.88,27.58,27.79,6132,0.05,0.3,0.18,1.08,0.15,1
2020-09-21,27.67,27.67,27.3,27.61,6386,-0.06,0.37,-0.22,1.34,0.19,-1
2020-09-18,27.85,27.85,27.59,27.76,4581,-0.09,0.26,-0.32,0.92,0.13,1
2020-09-17,27.65,27.78,27.63,27.63,2823,-0.02,0.15,-0.07,0.54,0.08,-1
2020-09-16,27.43,27.85,27.43,27.75,24956,0.32,0.42,1.15,1.51,0.21,1
2020-09-15,27.49,27.49,27.21,27.22,8906,-0.27,0.28,-0.99,1.03,0.14,-1
2020-09-14,27.09,27.47,27.09,27.47,13787,0.38,0.38,1.38,1.38,0.19,1
2020-09-11,27.26,27.26,26.89,27.06,14781,-0.2,0.37,-0.74,1.37,0.19,-1
2020-09-10,27.23,27.28,27.02,27.07,12079,-0.16,0.26,-0.59,0.96,0.13,-1
2020-09-09,27.03,27.15,26.92,27.13,84475,0.1,0.23,0.37,0.85,0.11,1
2020-09-08,27.47,27.47,26.86,26.96,32610,-0.51,0.61,-1.89,2.26,0.3,-1
2020-09-04,27.7,27.7,27.34,27.38,4353,-0.32,0.36,-1.17,1.33,0.18,-1
2020-09-03,27.71,27.71,27.56,27.65,8259,-0.06,0.15,-0.22,0.54,0.08,-1
2020-09-02,27.74,27.75,27.58,27.67,4722,-0.07,0.18,-0.25,0.63,0.09,-1
2020-09-01,27.72,27.74,27.51,27.74,8024,0.02,0.23,0.07,0.83,0.11,1
2020-08-31,27.75,27.75,27.51,27.67,9950,-0.08,0.24,-0.29,0.87,0.12,-1
2020-08-28,27.73,27.75,27.63,27.75,4988,0.02,0.12,0.07,0.43,0.06,1
2020-08-27,27.75,27.75,27.59,27.73,13644,-0.02,0.16,-0.07,0.58,0.08,-1
2020-08-26,27.75,27.75,27.74,27.75,9829,0.0,0.01,0.0,0.04,0.01,-1
2020-08-25,27.75,27.75,27.64,27.75,9916,0.0,0.11,0.0,0.4,0.06,1
2020-08-24,27.93,27.97,27.59,27.7,10991,-0.23,0.38,-0.83,1.37,0.19,-1
2020-08-21,27.78,27.87,27.47,27.83,3695,0.05,0.4,0.17,1.44,0.2,1
2020-08-20,28.08,28.11,27.76,27.76,12331,-0.32,0.35,-1.15,1.26,0.17,-1
2020-08-19,28.03,28.18,27.84,28.05,3515,0.02,0.34,0.07,1.21,0.17,1
2020-08-18,27.99,28.15,27.93,28.0,8651,0.01,0.22,0.04,0.79,0.11,1
2020-08-17,28.0,28.04,27.64,27.99,4392,-0.01,0.4,-0.04,1.43,0.2,-1
2020-08-14,28.08,28.17,28.0,28.0,9176,-0.08,0.17,-0.29,0.61,0.09,1
2020-08-13,27.68,27.91,27.49,27.88,6300,0.2,0.42,0.72,1.49,0.21,1
2020-08-12,28.17,28.17,27.52,27.7,12286,-0.47,0.65,-1.7,2.35,0.33,-1
2020-08-11,28.12,28.13,27.78,27.95,6344,-0.17,0.36,-0.61,1.27,0.18,-1
2020-08-10,28.04,28.13,27.96,28.0,11003,-0.04,0.17,-0.14,0.61,0.08,1
2020-08-07,27.67,27.93,27.46,27.85,5857,0.18,0.48,0.65,1.71,0.24,1
2020-08-06,27.94,28.14,27.35,27.35,4351,-0.59,0.79,-2.16,2.89,0.39,-1
2020-08-05,27.72,27.87,27.52,27.64,5204,-0.08,0.35,-0.29,1.27,0.18,-1
2020-08-04,27.8,27.86,27.56,27.7,3903,-0.1,0.3,-0.36,1.06,0.15,-1
2020-08-03,27.61,27.85,27.61,27.72,4006,0.11,0.24,0.4,0.87,0.12,1
2020-07-31,27.97,28.0,27.35,27.35,30973,-0.62,0.65,-2.27,2.38,0.32,-1
2020-07-30,28.0,28.0,27.72,27.78,7419,-0.22,0.28,-0.77,1.01,0.14,-1
2020-07-29,27.87,27.98,27.52,27.83,7385,-0.04,0.47,-0.14,1.68,0.23,1
2020-07-28,27.58,27.86,27.57,27.6,7359,0.02,0.29,0.07,1.03,0.14,1
2020-07-27,27.43,27.54,27.08,27.45,7549,0.02,0.46,0.07,1.68,0.23,1
2020-07-24,27.29,27.29,27.1,27.2,3663,-0.09,0.18,-0.33,0.68,0.09,-1
2020-07-23,27.1,27.41,27.02,27.2,7037,0.1,0.39,0.37,1.42,0.19,-1
2020-07-22,26.74,27.2,26.62,27.2,7821,0.46,0.58,1.69,2.13,0.29,1
2020-07-21,27.2,27.22,26.74,26.76,10717,-0.44,0.48,-1.64,1.79,0.24,-1
2020-07-20,26.96,27.1,26.6,27.03,8550,0.07,0.5,0.26,1.85,0.25,1
2020-07-17,26.84,26.98,26.66,26.8,7893,-0.04,0.32,-0.15,1.19,0.16,1
2020-07-16,26.6,26.82,26.37,26.47,7745,-0.13,0.45,-0.49,1.7,0.22,-1
2020-07-15,26.45,26.58,26.45,26.54,5015,0.09,0.13,0.34,0.49,0.06,1
2020-07-14,26.32,26.32,26.2,26.21,3271,-0.11,0.12,-0.42,0.46,0.06,1
2020-07-13,26.68,26.68,26.19,26.19,5923,-0.49,0.49,-1.87,1.87,0.24,-1
2020-07-10,26.38,26.61,26.25,26.58,9189,0.2,0.36,0.75,1.35,0.18,1
2020-07-09,26.09,26.25,25.98,26.23,10896,0.14,0.27,0.53,1.03,0.13,1
2020-07-08,26.01,26.16,25.94,25.94,13623,-0.07,0.22,-0.27,0.85,0.11,1
2020-07-07,26.06,26.06,25.86,25.86,15526,-0.2,0.2,-0.77,0.77,0.1,-1
2020-07-06,26.38,26.4,26.06,26.06,9507,-0.32,0.34,-1.23,1.3,0.17,-1
2020-07-02,26.45,26.57,26.25,26.25,6700,-0.2,0.32,-0.76,1.22,0.16,-1
2020-07-01,26.38,26.5,25.98,26.34,8559,-0.04,0.52,-0.15,1.97,0.26,1
2020-06-30,26.5,26.68,26.25,26.25,43212,-0.25,0.43,-0.95,1.64,0.21,-1
2020-06-29,26.54,26.54,26.29,26.36,8861,-0.18,0.25,-0.68,0.95,0.12,-1
2020-06-26,26.51,26.69,26.07,26.41,4319,-0.1,0.62,-0.38,2.35,0.31,-1
2020-06-25,26.67,27.02,26.4,26.51,5099,-0.16,0.62,-0.6,2.34,0.31,1
2020-06-24,26.86,27.07,26.26,26.5,7802,-0.36,0.81,-1.36,3.06,0.4,-1
2020-06-23,26.98,26.98,26.64,26.9,8476,-0.08,0.34,-0.3,1.26,0.17,1
2020-06-22,27.03,27.15,26.59,26.84,7348,-0.19,0.56,-0.71,2.09,0.28,-1
2020-06-19,27.04,27.14,26.81,26.91,4751,-0.13,0.33,-0.48,1.23,0.17,-1
2020-06-18,27.06,27.06,26.68,26.96,4999,-0.1,0.38,-0.37,1.41,0.19,1
2020-06-17,27.41,27.5,26.75,26.75,22592,-0.66,0.75,-2.47,2.8,0.38,-1
2020-06-16,27.36,27.5,27.05,27.35,6214,-0.01,0.45,-0.04,1.65,0.22,1
2020-06-15,26.16,26.87,26.0,26.87,7683,0.71,0.87,2.64,3.24,0.44,1
2020-06-12,26.73,27.45,26.25,26.25,6161,-0.48,1.2,-1.83,4.57,0.6,-1
2020-06-11,27.17,27.33,26.5,26.5,9159,-0.67,0.83,-2.53,3.13,0.41,-1
2020-06-10,27.69,27.69,27.4,27.41,10039,-0.28,0.29,-1.02,1.06,0.15,-1
2020-06-09,27.46,27.76,27.24,27.51,5292,0.05,0.52,0.18,1.89,0.26,1
2020-06-08,27.64,27.64,27.35,27.5,8005,-0.14,0.29,-0.51,1.05,0.14,-1
2020-06-05,27.64,27.64,27.3,27.5,17514,-0.14,0.34,-0.51,1.24,0.17,1
2020-06-04,27.3,27.3,27.01,27.01,3319,-0.29,0.29,-1.07,1.07,0.14,-1
2020-06-03,27.39,27.39,27.01,27.25,7830,-0.14,0.38,-0.51,1.39,0.19,-1
2020-06-02,27.03,27.4,26.95,27.25,6005,0.22,0.45,0.81,1.65,0.22,1
2020-06-01,27.38,27.4,27.06,27.13,5577,-0.25,0.34,-0.92,1.25,0.17,-1
2020-05-29,27.24,27.58,26.89,27.25,105014,0.01,0.69,0.04,2.53,0.34,1
2020-05-28,27.37,27.37,27.18,27.2,11923,-0.17,0.19,-0.63,0.7,0.1,-1
2020-05-27,27.44,27.44,27.15,27.21,10110,-0.23,0.29,-0.85,1.07,0.15,-1
2020-05-26,27.36,27.38,27.03,27.26,14863,-0.1,0.35,-0.37,1.28,0.17,-1
2020-05-22,26.98,27.26,26.95,27.26,12262,0.28,0.31,1.03,1.14,0.16,1
2020-05-21,26.95,27.2,26.85,26.98,8554,0.03,0.35,0.11,1.3,0.17,1
2020-05-20,27.22,27.24,26.74,26.93,10169,-0.29,0.5,-1.08,1.86,0.25,-1
2020-05-19,26.92,27.08,26.83,27.08,11410,0.16,0.25,0.59,0.92,0.12,1
2020-05-18,26.8,27.24,26.73,26.75,9030,-0.05,0.51,-0.19,1.91,0.25,1
2020-05-15,26.27,26.85,26.27,26.61,5682,0.34,0.58,1.28,2.18,0.29,1
2020-05-14,26.35,26.62,25.65,26.3,9199,-0.05,0.97,-0.19,3.69,0.49,-1
2020-05-13,26.66,26.7,26.2,26.55,7352,-0.11,0.5,-0.41,1.88,0.25,-1
2020-05-12,26.94,26.94,26.35,26.66,9196,-0.28,0.59,-1.05,2.21,0.29,-1
2020-05-11,26.98,26.98,26.58,26.75,21309,-0.23,0.4,-0.86,1.5,0.2,-1
2020-05-08,26.97,26.97,26.6,26.9,4110,-0.07,0.37,-0.26,1.38,0.18,1
2020-05-07,27.0,27.0,26.75,26.8,11168,-0.2,0.25,-0.75,0.93,0.12,-1
2020-05-06,26.2,27.18,26.2,27.09,7512,0.89,0.98,3.29,3.62,0.49,1
2020-05-05,27.24,27.25,26.45,26.7,6648,-0.54,0.8,-2.02,3.0,0.4,-1
2020-05-04,26.94,27.05,26.22,27.05,6825,0.11,0.83,0.41,3.07,0.42,1
2020-05-01,27.07,27.32,26.76,26.99,17971,-0.08,0.56,-0.3,2.07,0.28,-1
2020-04-30,26.96,27.61,26.83,27.6,46974,0.64,0.78,2.32,2.83,0.39,1
2020-04-29,26.5,26.64,26.1,26.6,6583,0.1,0.54,0.38,2.03,0.27,1
2020-04-28,26.5,26.5,26.24,26.5,4307,0.0,0.26,0.0,0.98,0.13,1
2020-04-27,25.94,26.31,25.65,26.31,6699,0.37,0.66,1.41,2.51,0.33,1
2020-04-24,25.79,26.14,25.65,25.75,14533,-0.04,0.49,-0.16,1.9,0.25,1
2020-04-23,25.7,25.8,25.4,25.65,9821,-0.05,0.4,-0.19,1.56,0.2,1
2020-04-22,25.94,25.95,25.45,25.45,9287,-0.49,0.5,-1.93,1.96,0.25,-1
2020-04-21,25.97,25.97,25.33,25.63,6977,-0.34,0.64,-1.33,2.5,0.32,-1
2020-04-20,26.17,26.17,25.41,26.05,25892,-0.12,0.76,-0.46,2.92,0.38,-1
2020-04-17,26.07,26.23,25.63,26.19,13739,0.12,0.6,0.46,2.29,0.3,1
2020-04-16,25.6,25.77,25.2,25.58,14443,-0.02,0.57,-0.08,2.23,0.29,1
2020-04-15,25.48,25.51,24.66,25.46,11258,-0.02,0.85,-0.08,3.34,0.43,-1
2020-04-14,25.2,25.84,25.2,25.55,10052,0.35,0.64,1.37,2.5,0.32,1
2020-04-13,26.5,26.5,24.99,25.44,15516,-1.06,1.51,-4.17,5.94,0.76,-1
2020-04-09,25.94,26.83,25.8,26.15,24683,0.21,1.03,0.8,3.94,0.51,1
2020-04-08,25.6,25.9,25.15,25.41,52258,-0.19,0.75,-0.75,2.95,0.38,-1
2020-04-07,24.47,26.05,24.47,25.5,48367,1.03,1.58,4.04,6.2,0.79,1
2020-04-06,23.11,24.53,23.11,24.19,24151,1.08,1.42,4.46,5.87,0.71,1
2020-04-03,22.73,23.44,22.17,23.44,29241,0.71,1.27,3.03,5.42,0.63,1
2020-04-02,23.22,23.99,22.76,23.12,14363,-0.1,1.23,-0.43,5.32,0.61,-1
2020-04-01,24.63,24.63,22.7,23.86,22418,-0.77,1.93,-3.23,8.09,0.96,-1
2020-03-31,24.21,25.05,24.21,24.71,23761,0.5,0.84,2.02,3.4,0.42,1
2020-03-30,22.7,24.48,22.7,24.45,12062,1.75,1.78,7.16,7.28,0.89,1
2020-03-27,23.47,24.31,23.29,23.49,20952,0.02,1.02,0.09,4.34,0.51,1
2020-03-26,23.2,25.54,23.2,23.4,49960,0.2,2.34,0.85,10.0,1.17,1
2020-03-25,21.11,25.25,21.11,23.0,36004,1.89,4.14,8.22,18.0,2.07,1
2020-03-24,21.59,21.89,19.84,20.7,54036,-0.89,2.05,-4.3,9.9,1.03,1
2020-03-23,21.63,21.99,19.48,19.63,49046,-2.0,2.51,-10.19,12.79,1.25,-1
2020-03-20,19.52,24.52,19.52,21.98,52146,2.46,5.0,11.19,22.75,2.5,1
2020-03-19,19.25,20.93,18.56,19.17,82868,-0.08,2.37,-0.42,12.36,1.19,-1
2020-03-18,22.0,23.21,17.79,21.0,48173,-1.0,5.42,-4.76,25.81,2.71,-1
2020-03-17,24.11,24.91,23.39,24.13,41897,0.02,1.52,0.08,6.3,0.76,-1
2020-03-16,24.0,24.65,24.0,24.35,39658,0.35,0.65,1.44,2.67,0.32,-1
2020-03-13,25.19,27.17,25.19,25.74,42034,0.55,1.98,2.14,7.69,0.99,1
2020-03-12,24.75,25.38,24.46,24.85,65271,0.1,0.92,0.4,3.7,0.46,-1
2020-03-11,26.89,27.0,26.69,27.0,18772,0.11,0.31,0.41,1.15,0.15,-1
2020-03-10,27.43,27.43,27.22,27.27,20552,-0.16,0.21,-0.59,0.77,0.11,-1
2020-03-09,27.41,27.56,26.53,27.32,70903,-0.09,1.03,-0.33,3.77,0.51,-1
2020-03-06,27.5,28.0,27.05,27.81,137019,0.31,0.95,1.11,3.42,0.47,1
2020-03-05,27.8,27.82,27.63,27.73,26511,-0.07,0.19,-0.25,0.69,0.1,-1
2020-03-04,27.3,28.18,27.17,28.18,15608,0.88,1.01,3.12,3.58,0.5,1
2020-03-03,26.96,27.39,26.8,27.07,27518,0.11,0.59,0.41,2.18,0.29,1
2020-03-02,26.44,26.98,26.43,26.76,67303,0.32,0.55,1.2,2.06,0.28,1
2020-02-28,27.1,27.6,26.38,26.38,31971,-0.72,1.22,-2.73,4.62,0.61,-1
2020-02-27,27.45,27.49,27.16,27.21,18626,-0.24,0.33,-0.88,1.21,0.16,-1
2020-02-26,27.87,28.01,27.3,27.55,55922,-0.32,0.71,-1.16,2.58,0.36,-1
2020-02-25,27.92,27.92,27.29,27.59,21328,-0.33,0.63,-1.2,2.28,0.32,-1
2020-02-24,27.89,28.02,27.67,27.69,16789,-0.2,0.35,-0.72,1.26,0.17,-1
2020-02-21,28.32,28.35,27.96,28.0,13860,-0.32,0.39,-1.14,1.39,0.2,-1
2020-02-20,28.18,28.25,28.03,28.2,6760,0.02,0.22,0.07,0.78,0.11,1
2020-02-19,28.38,28.4,28.01,28.01,12198,-0.37,0.39,-1.32,1.39,0.19,-1
2020-02-18,28.56,28.56,28.3,28.3,10896,-0.26,0.26,-0.92,0.92,0.13,-1
2020-02-14,28.4,28.53,28.36,28.41,5845,0.01,0.17,0.04,0.6,0.09,1
2020-02-13,28.45,28.62,28.22,28.31,14057,-0.14,0.4,-0.49,1.41,0.2,-1
2020-02-12,28.84,28.84,28.35,28.35,11617,-0.49,0.49,-1.73,1.73,0.24,-1
2020-02-11,28.55,28.88,28.55,28.78,60105,0.23,0.33,0.8,1.15,0.16,1
2020-02-10,29.08,29.08,28.45,28.52,22782,-0.56,0.63,-1.96,2.21,0.31,-1
2020-02-07,28.71,29.13,28.7,28.94,11329,0.23,0.43,0.79,1.49,0.21,1
2020-02-06,28.76,28.8,28.69,28.69,13972,-0.07,0.11,-0.24,0.38,0.05,1
2020-02-05,28.62,28.68,28.52,28.68,6907,0.06,0.16,0.21,0.56,0.08,1
2020-02-04,28.6,28.68,28.49,28.49,9665,-0.11,0.19,-0.39,0.67,0.1,-1
2020-02-03,28.6,28.65,28.52,28.65,9264,0.05,0.13,0.17,0.45,0.06,1
2020-01-31,28.56,28.63,28.41,28.42,22568,-0.14,0.22,-0.49,0.77,0.11,-1
2020-01-30,28.08,28.44,28.08,28.43,8823,0.35,0.36,1.23,1.27,0.18,1
2020-01-29,28.1,28.19,27.95,28.08,11567,-0.02,0.24,-0.07,0.85,0.12,1
2020-01-28,28.17,28.27,27.92,27.97,22579,-0.2,0.35,-0.72,1.25,0.17,-1
2020-01-27,28.18,28.18,28.07,28.15,12918,-0.03,0.11,-0.11,0.39,0.05,1
2020-01-24,28.17,28.17,28.03,28.14,5917,-0.03,0.14,-0.11,0.5,0.07,-1
2020-01-23,28.23,28.23,28.08,28.17,120182,-0.06,0.15,-0.21,0.53,0.08,1
2020-01-22,28.22,28.33,28.05,28.15,11931,-0.07,0.28,-0.25,0.99,0.14,1
2020-01-21,28.3,28.34,28.13,28.13,12645,-0.17,0.21,-0.6,0.75,0.11,-1
2020-01-17,28.29,28.32,28.15,28.19,14889,-0.1,0.17,-0.35,0.6,0.09,-1
2020-01-16,28.28,28.28,28.13,28.19,60591,-0.09,0.15,-0.32,0.53,0.08,-1
2020-01-15,28.3,28.35,28.27,28.35,42944,0.05,0.08,0.18,0.28,0.04,1
2020-01-14,28.54,28.54,28.23,28.28,26314,-0.26,0.31,-0.92,1.1,0.15,-1
2020-01-13,28.52,28.59,28.44,28.59,6233,0.07,0.15,0.24,0.52,0.07,1
2020-01-10,28.47,28.63,28.41,28.42,14275,-0.05,0.22,-0.18,0.77,0.11,-1
2020-01-09,28.35,28.47,28.35,28.45,8771,0.1,0.12,0.35,0.42,0.06,1
2020-01-08,28.34,28.36,28.29,28.31,12898,-0.03,0.07,-0.11,0.25,0.04,1
2020-01-07,28.31,28.33,28.19,28.19,17009,-0.12,0.14,-0.43,0.5,0.07,-1
2020-01-06,28.3,28.33,28.17,28.2,10322,-0.1,0.16,-0.35,0.57,0.08,-1
2020-01-03,28.2,28.34,28.15,28.29,24609,0.09,0.19,0.32,0.67,0.1,1
2020-01-02,28.12,28.35,28.0,28.17,28882,0.05,0.35,0.18,1.24,0.18,-1
2019-12-31,28.56,28.56,28.17,28.19,26538,-0.37,0.39,-1.31,1.38,0.19,-1
2019-12-30,28.59,28.63,28.18,28.57,9338,-0.02,0.45,-0.07,1.58,0.22,1
2019-12-27,28.3,28.6,28.3,28.52,8798,0.22,0.3,0.77,1.05,0.15,1
2019-12-26,28.24,28.29,28.15,28.25,10483,0.01,0.14,0.04,0.5,0.07,1
2019-12-24,28.24,28.24,28.11,28.18,9857,-0.06,0.13,-0.21,0.46,0.06,-1
2019-12-23,28.22,28.22,28.04,28.18,18211,-0.04,0.18,-0.14,0.64,0.09,1
2019-12-20,28.06,28.09,28.03,28.09,15353,0.03,0.06,0.11,0.21,0.03,1
2019-12-19,27.94,28.08,27.86,27.97,16715,0.03,0.22,0.11,0.79,0.11,-1
2019-12-18,27.83,28.04,27.75,28.04,13622,0.21,0.29,0.75,1.03,0.14,1
2019-12-17,27.48,27.83,27.48,27.71,30725,0.23,0.35,0.83,1.26,0.17,1
2019-12-16,27.49,27.55,27.34,27.55,8324,0.06,0.21,0.22,0.76,0.11,1
2019-12-13,27.19,27.41,27.19,27.41,19366,0.22,0.22,0.8,0.8,0.11,1
2019-12-12,27.2,27.22,26.98,27.13,18516,-0.07,0.24,-0.26,0.88,0.12,-1
2019-12-11,27.04,27.2,27.03,27.17,11975,0.13,0.17,0.48,0.63,0.08,1
2019-12-10,26.91,27.17,26.91,26.94,11839,0.03,0.26,0.11,0.97,0.13,-1
2019-12-09,26.95,27.17,26.94,26.94,29015,-0.01,0.23,-0.04,0.85,0.12,-1
2019-12-06,27.18,27.29,26.9,26.95,27389,-0.23,0.39,-0.85,1.45,0.2,-1
2019-12-05,27.4,27.4,27.12,27.15,16664,-0.25,0.28,-0.92,1.03,0.14,-1
2019-12-04,27.57,27.57,27.21,27.24,33762,-0.33,0.36,-1.21,1.32,0.18,-1
2019-12-03,27.48,27.48,27.32,27.34,7452,-0.14,0.16,-0.51,0.59,0.08,-1
2019-12-02,27.43,27.43,27.21,27.35,10287,-0.08,0.22,-0.29,0.8,0.11,-1
2019-11-29,27.74,27.76,27.49,27.49,9743,-0.25,0.27,-0.91,0.98,0.14,-1
2019-11-27,27.52,27.68,27.5,27.56,7451,0.04,0.18,0.15,0.65,0.09,1
2019-11-26,27.55,27.55,27.4,27.4,14475,-0.15,0.15,-0.55,0.55,0.08,-1
2019-11-25,27.54,27.61,27.45,27.45,16468,-0.09,0.16,-0.33,0.58,0.08,-1
2019-11-22,27.62,27.71,27.45,27.46,11124,-0.16,0.26,-0.58,0.95,0.13,-1
2019-11-21,27.82,27.82,27.48,27.56,19800,-0.26,0.34,-0.94,1.23,0.17,-1
2019-11-20,27.7,27.74,27.58,27.7,31496,0.0,0.16,0.0,0.58,0.08,1
2019-11-19,27.96,27.96,27.67,27.67,15037,-0.29,0.29,-1.05,1.05,0.14,-1
2019-11-18,27.92,28.0,27.8,27.95,18717,0.03,0.2,0.11,0.72,0.1,-1
2019-11-15,28.0,28.0,27.87,27.98,7244,-0.02,0.13,-0.07,0.46,0.06,-1
2019-11-14,27.97,28.03,27.85,28.03,80636,0.06,0.18,0.21,0.64,0.09,1
2019-11-13,27.8,27.93,27.79,27.87,40990,0.07,0.14,0.25,0.5,0.07,1
2019-11-12,27.77,27.82,27.65,27.73,17820,-0.04,0.17,-0.14,0.61,0.09,-1
2019-11-11,27.98,27.98,27.73,27.73,8531,-0.25,0.25,-0.9,0.9,0.12,-1
2019-11-08,27.77,27.98,27.68,27.87,17142,0.1,0.3,0.36,1.08,0.15,1
2019-11-07,27.79,27.79,27.64,27.7,12075,-0.09,0.15,-0.32,0.54,0.07,-1
2019-11-06,28.01,28.01,27.71,27.71,13439,-0.3,0.3,-1.08,1.08,0.15,-1
2019-11-05,28.04,28.04,27.82,27.85,8929,-0.19,0.22,-0.68,0.79,0.11,-1
2019-11-04,27.85,27.92,27.81,27.92,7598,0.07,0.11,0.25,0.39,0.06,1
2019-11-01,27.95,28.04,27.73,27.8,9465,-0.15,0.31,-0.54,1.12,0.15,-1
2019-10-31,27.68,27.95,27.5,27.95,92986,0.27,0.45,0.97,1.61,0.22,1
2019-10-30,27.61,27.61,27.4,27.52,33598,-0.09,0.21,-0.33,0.76,0.11,-1
2019-10-29,27.9,27.9,27.61,27.61,33134,-0.29,0.29,-1.05,1.05,0.14,-1
2019-10-28,27.9,27.98,27.68,27.9,8568,0.0,0.3,0.0,1.08,0.15,-1
2019-10-25,28.06,28.16,28.02,28.03,8055,-0.03,0.14,-0.11,0.5,0.07,1
2019-10-24,28.04,28.13,27.84,27.99,16772,-0.05,0.29,-0.18,1.04,0.14,1
2019-10-23,27.74,28.08,27.74,27.92,11035,0.18,0.34,0.64,1.22,0.17,1
2019-10-22,27.82,27.86,27.65,27.8,7658,-0.02,0.21,-0.07,0.76,0.11,-1
2019-10-21,28.26,28.26,27.72,27.8,30469,-0.46,0.54,-1.65,1.94,0.27,-1
2019-10-18,28.4,28.51,28.11,28.11,13029,-0.29,0.4,-1.03,1.42,0.2,1
2019-10-17,28.61,28.62,28.02,28.02,12181,-0.59,0.6,-2.11,2.14,0.3,-1
2019-10-16,28.46,28.46,28.06,28.45,13117,-0.01,0.4,-0.04,1.41,0.2,1
2019-10-15,28.6,28.6,28.03,28.32,33536,-0.28,0.57,-0.99,2.01,0.29,-1
2019-10-14,27.96,28.78,27.9,28.61,13041,0.65,0.88,2.27,3.08,0.44,1
2019-10-11,27.93,28.14,27.5,28.0,51626,0.07,0.64,0.25,2.29,0.32,1
2019-10-10,27.49,27.8,27.36,27.8,173234,0.31,0.44,1.12,1.58,0.22,1
2019-10-09,27.35,27.45,27.18,27.4,22924,0.05,0.27,0.18,0.99,0.13,1
2019-10-08,27.3,27.33,27.2,27.25,7626,-0.05,0.13,-0.18,0.48,0.06,-1
2019-10-07,27.35,27.35,27.24,27.3,18259,-0.05,0.11,-0.18,0.4,0.06,-1
2019-10-04,27.37,27.37,27.26,27.34,7492,-0.03,0.11,-0.11,0.4,0.05,1
2019-10-03,27.37,27.37,27.22,27.3,10198,-0.07,0.15,-0.26,0.55,0.08,-1
2019-10-02,27.29,27.48,27.29,27.31,20579,0.02,0.19,0.07,0.7,0.1,-1
2019-10-01,27.85,27.85,27.61,27.72,13928,-0.13,0.24,-0.47,0.87,0.12,1
2019-09-30,27.96,28.09,27.64,27.64,34031,-0.32,0.45,-1.16,1.63,0.22,-1
2019-09-27,27.97,27.97,27.75,27.89,45258,-0.08,0.22,-0.29,0.79,0.11,-1
2019-09-26,28.02,28.02,27.77,27.9,9770,-0.12,0.25,-0.43,0.9,0.12,-1
2019-09-25,27.94,28.0,27.81,28.0,7366,0.06,0.19,0.21,0.68,0.1,1
2019-09-24,27.96,27.96,27.73,27.88,14616,-0.08,0.23,-0.29,0.82,0.12,-1
2019-09-23,27.92,27.92,27.78,27.91,20198,-0.01,0.14,-0.04,0.5,0.07,1
2019-09-20,27.79,27.83,27.71,27.83,7499,0.04,0.12,0.14,0.43,0.06,1
2019-09-19,27.85,27.85,27.64,27.72,197129,-0.13,0.21,-0.47,0.76,0.11,-1
2019-09-18,27.5,27.82,27.5,27.82,1057943,0.32,0.32,1.15,1.15,0.16,1
2019-09-17,27.5,27.5,27.3,27.5,9882,0.0,0.2,0.0,0.73,0.1,-1
2019-09-16,27.48,27.64,27.39,27.57,151491,0.09,0.25,0.33,0.91,0.12,1
2019-09-13,27.55,27.55,27.12,27.48,100521,-0.07,0.43,-0.25,1.56,0.21,-1
2019-09-12,27.92,27.92,27.56,27.67,14862,-0.25,0.36,-0.9,1.3,0.18,-1
2019-09-11,27.75,27.84,27.66,27.69,22124,-0.06,0.18,-0.22,0.65,0.09,1
2019-09-10,27.75,27.75,27.64,27.64,13978,-0.11,0.11,-0.4,0.4,0.05,-1
2019-09-09,27.85,27.85,27.79,27.81,8836,-0.04,0.06,-0.14,0.22,0.03,1
2019-09-06,27.7,27.81,27.7,27.79,10233,0.09,0.11,0.32,0.4,0.05,1
2019-09-05,27.59,27.7,27.57,27.66,25641,0.07,0.13,0.25,0.47,0.06,1
2019-09-04,27.58,27.65,27.57,27.59,24699,0.01,0.08,0.04,0.29,0.04,-1
2019-09-03,27.65,27.65,27.59,27.59,25671,-0.06,0.06,-0.22,0.22,0.03,1
2019-08-30,27.56,27.6,27.51,27.57,89401,0.01,0.09,0.04,0.33,0.04,1
2019-08-29,27.55,27.59,27.5,27.53,37268,-0.02,0.09,-0.07,0.33,0.04,-1
2019-08-28,27.5,27.59,27.49,27.53,28430,0.03,0.1,0.11,0.36,0.05,1
2019-08-27,27.54,27.55,27.42,27.5,51863,-0.04,0.13,-0.15,0.47,0.06,-1
2019-08-26,27.53,27.53,27.48,27.5,24627,-0.03,0.05,-0.11,0.18,0.03,-1
2019-08-23,27.47,27.57,27.45,27.5,86065,0.03,0.12,0.11,0.44,0.06,1
2019-08-22,27.51,27.51,27.42,27.49,30468,-0.02,0.09,-0.07,0.33,0.04,-1
2019-08-21,27.48,27.54,27.42,27.51,15089,0.03,0.12,0.11,0.44,0.06,1
2019-08-20,27.47,27.49,27.41,27.47,17032,0.0,0.08,0.0,0.29,0.04,-1
2019-08-19,27.47,27.5,27.44,27.47,17030,0.0,0.06,0.0,0.22,0.03,-1
2019-08-16,27.52,27.52,27.42,27.47,12780,-0.05,0.1,-0.18,0.36,0.05,-1
2019-08-15,27.58,27.58,27.46,27.49,63338,-0.09,0.12,-0.33,0.44,0.06,-1
2019-08-14,27.43,27.56,27.4,27.53,16598,0.1,0.16,0.36,0.58,0.08,1
2019-08-13,27.68,27.73,27.44,27.49,47495,-0.19,0.29,-0.69,1.05,0.14,-1
2019-08-12,27.81,27.81,27.6,27.61,22221,-0.2,0.21,-0.72,0.76,0.1,-1
2019-08-09,27.77,27.86,27.68,27.86,7057,0.09,0.18,0.32,0.65,0.09,1
2019-08-08,27.83,27.83,27.68,27.83,18710,0.0,0.15,0.0,0.54,0.07,-1
2019-08-07,27.54,27.97,27.54,27.97,3769,0.43,0.43,1.54,1.54,0.21,1
2019-08-06,27.78,27.9,27.66,27.9,7182,0.12,0.24,0.43,0.86,0.12,1
2019-08-05,27.9,27.9,27.61,27.69,9400,-0.21,0.29,-0.76,1.05,0.14,-1
2019-08-02,27.81,27.94,27.53,27.94,10419,0.13,0.41,0.47,1.47,0.21,1
2019-08-01,27.58,27.92,27.5,27.75,15347,0.17,0.42,0.61,1.51,0.21,1
2019-07-31,27.48,27.8,27.47,27.66,95909,0.18,0.33,0.65,1.19,0.17,1
2019-07-30,27.32,27.46,27.17,27.46,33178,0.14,0.29,0.51,1.06,0.14,1
2019-07-29,27.25,27.33,27.23,27.33,15835,0.08,0.1,0.29,0.37,0.05,1
2019-07-26,27.23,27.25,27.13,27.25,9227,0.02,0.12,0.07,0.44,0.06,1
2019-07-25,27.24,27.25,27.13,27.16,10237,-0.08,0.12,-0.29,0.44,0.06,-1
2019-07-24,27.1,27.23,27.08,27.23,36663,0.13,0.15,0.48,0.55,0.08,1
2019-07-23,27.26,27.27,27.05,27.1,81417,-0.16,0.22,-0.59,0.81,0.11,-1
2019-07-22,27.15,27.26,27.14,27.25,11916,0.1,0.12,0.37,0.44,0.06,1
2019-07-19,27.04,27.16,27.04,27.15,11886,0.11,0.12,0.41,0.44,0.06,1
2019-07-18,27.01,27.06,26.91,27.05,27742,0.04,0.15,0.15,0.55,0.07,1
2019-07-17,26.88,26.97,26.83,26.96,16516,0.08,0.14,0.3,0.52,0.07,1
2019-07-16,26.82,26.88,26.72,26.88,19676,0.06,0.16,0.22,0.6,0.08,1
2019-07-15,26.72,26.74,26.64,26.74,2667,0.02,0.1,0.07,0.37,0.05,1
2019-07-12,26.73,26.73,26.63,26.72,5316,-0.01,0.1,-0.04,0.37,0.05,1
2019-07-11,26.8,26.8,26.68,26.7,11717,-0.1,0.12,-0.37,0.45,0.06,-1
2019-07-10,26.83,26.83,26.75,26.83,4599,0.0,0.08,0.0,0.3,0.04,1
2019-07-09,26.61,26.79,26.58,26.78,37214,0.17,0.21,0.63,0.78,0.11,1
2019-07-08,26.62,26.62,26.56,26.57,6279,-0.05,0.06,-0.19,0.23,0.03,1
2019-07-05,26.59,26.59,26.49,26.51,3616,-0.08,0.1,-0.3,0.38,0.05,-1
2019-07-03,26.64,26.64,26.5,26.62,7206,-0.02,0.14,-0.08,0.53,0.07,1
2019-07-02,26.56,26.65,26.42,26.57,7611,0.01,0.23,0.04,0.87,0.11,-1
2019-07-01,26.91,26.91,26.75,26.83,9659,-0.08,0.16,-0.3,0.6,0.08,-1
2019-06-28,26.79,26.91,26.73,26.91,57148,0.12,0.18,0.45,0.67,0.09,1
2019-06-27,26.7,26.8,26.7,26.78,24227,0.08,0.1,0.3,0.37,0.05,1
2019-06-26,26.75,26.79,26.68,26.74,23507,-0.01,0.11,-0.04,0.41,0.05,1
2019-06-25,26.72,26.81,26.64,26.65,13361,-0.07,0.17,-0.26,0.64,0.08,-1
2019-06-24,26.67,26.71,26.65,26.68,17465,0.01,0.06,0.04,0.22,0.03,1
2019-06-21,26.76,26.8,26.6,26.65,20977,-0.11,0.2,-0.41,0.75,0.1,-1
2019-06-20,26.64,26.76,26.64,26.75,16571,0.11,0.12,0.41,0.45,0.06,1
2019-06-19,26.52,26.64,26.52,26.6,12024,0.08,0.12,0.3,0.45,0.06,-1
2019-06-18,26.62,26.69,26.58,26.61,20845,-0.01,0.11,-0.04,0.41,0.06,1
2019-06-17,26.64,26.64,26.55,26.6,18208,-0.04,0.09,-0.15,0.34,0.04,-1
2019-06-14,26.51,26.62,26.51,26.62,7931,0.11,0.11,0.41,0.41,0.05,1
2019-06-13,26.56,26.58,26.56,26.57,13571,0.01,0.02,0.04,0.08,0.01,1
2019-06-12,26.53,26.57,26.5,26.54,17996,0.01,0.07,0.04,0.26,0.04,-1
2019-06-11,26.62,26.62,26.52,26.55,17278,-0.07,0.1,-0.26,0.38,0.05,-1
2019-06-10,26.56,26.62,26.56,26.61,10882,0.05,0.06,0.19,0.23,0.03,1
2019-06-07,26.48,26.56,26.48,26.56,17253,0.08,0.08,0.3,0.3,0.04,1
2019-06-06,26.51,26.55,26.4,26.45,37351,-0.06,0.15,-0.23,0.57,0.08,-1
2019-06-05,26.47,26.53,26.46,26.49,18379,0.02,0.07,0.08,0.26,0.04,1
2019-06-04,26.38,26.48,26.38,26.46,26128,0.08,0.1,0.3,0.38,0.05,1
2019-06-03,26.45,26.45,26.31,26.39,17291,-0.06,0.14,-0.23,0.53,0.07,-1
2019-05-31,26.45,26.5,26.4,26.44,53014,-0.01,0.1,-0.04,0.38,0.05,-1
2019-05-30,26.38,26.45,26.38,26.45,19511,0.07,0.07,0.26,0.26,0.04,1
2019-05-29,26.4,26.41,26.31,26.36,24554,-0.04,0.1,-0.15,0.38,0.05,-1
2019-05-28,26.45,26.49,26.38,26.42,22234,-0.03,0.11,-0.11,0.42,0.05,-1
2019-05-24,26.38,26.45,26.3,26.43,34370,0.05,0.15,0.19,0.57,0.07,1
2019-05-23,26.37,26.4,26.33,26.37,12062,0.0,0.07,0.0,0.27,0.04,1
2019-05-22,26.41,26.44,26.33,26.35,83300,-0.06,0.11,-0.23,0.42,0.06,-1
2019-05-21,26.37,26.42,26.37,26.41,13928,0.04,0.05,0.15,0.19,0.03,1
2019-05-20,26.5,26.5,26.3,26.3,36020,-0.2,0.2,-0.76,0.76,0.1,-1
2019-05-17,26.46,26.51,26.46,26.51,10688,0.05,0.05,0.19,0.19,0.03,-1
2019-05-16,26.65,26.65,26.42,26.51,92630,-0.14,0.23,-0.53,0.87,0.11,-1
2019-05-15,26.56,26.65,26.56,26.64,13179,0.08,0.09,0.3,0.34,0.04,1
2019-05-14,26.63,26.63,26.48,26.56,579672,-0.07,0.15,-0.26,0.56,0.07,-1
2019-05-13,26.6,26.61,26.55,26.57,8520,-0.03,0.06,-0.11,0.23,0.03,-1
2019-05-10,26.6,26.61,26.55,26.59,6662,-0.01,0.06,-0.04,0.23,0.03,1
2019-05-09,26.53,26.63,26.45,26.56,721299,0.03,0.18,0.11,0.68,0.09,-1
2019-05-08,26.54,26.64,26.53,26.58,13643,0.04,0.11,0.15,0.41,0.05,1
2019-05-07,26.55,26.65,26.53,26.56,9153,0.01,0.12,0.04,0.45,0.06,-1
2019-05-06,26.64,26.64,26.47,26.63,6124,-0.01,0.17,-0.04,0.64,0.09,-1
2019-05-03,26.77,26.77,26.68,26.71,5507,-0.06,0.09,-0.22,0.34,0.04,1
2019-05-02,26.63,26.74,26.53,26.69,16483,0.06,0.21,0.22,0.79,0.1,1
2019-05-01,26.78,26.78,26.56,26.63,27610,-0.15,0.22,-0.56,0.83,0.11,-1
2019-04-30,26.55,26.83,26.55,26.78,99608,0.23,0.28,0.86,1.05,0.14,1
2019-04-29,26.66,26.7,26.6,26.68,21813,0.02,0.1,0.09,0.37,0.05,1
2019-04-26,26.69,26.7,26.56,26.64,12255,-0.05,0.14,-0.19,0.53,0.07,-1
2019-04-25,26.69,26.7,26.55,26.7,11358,0.01,0.15,0.04,0.56,0.07,1
2019-04-24,26.62,26.69,26.57,26.68,45211,0.06,0.12,0.22,0.45,0.06,1
2019-04-23,26.45,26.62,26.45,26.6,27477,0.15,0.17,0.56,0.64,0.09,1
2019-04-22,26.39,26.45,26.37,26.4,16567,0.01,0.08,0.04,0.3,0.04,1
2019-04-18,26.54,26.54,26.25,26.38,85619,-0.16,0.29,-0.61,1.1,0.14,-1
2019-04-17,26.86,26.89,26.33,26.56,40502,-0.3,0.56,-1.13,2.11,0.28,-1
2019-04-16,26.74,26.9,26.74,26.81,14869,0.07,0.16,0.26,0.6,0.08,1
2019-04-15,26.74,26.74,26.63,26.74,8233,0.0,0.11,0.0,0.41,0.05,1
2019-04-12,26.64,26.74,26.58,26.72,30845,0.08,0.16,0.3,0.6,0.08,1
2019-04-11,26.69,26.7,26.53,26.54,11359,-0.15,0.17,-0.57,0.64,0.08,-1
2019-04-10,26.62,26.68,26.54,26.56,31641,-0.06,0.14,-0.23,0.53,0.07,1
2019-04-09,26.74,26.74,26.42,26.43,15111,-0.31,0.32,-1.17,1.21,0.16,-1
2019-04-08,26.6,26.72,26.57,26.57,12799,-0.03,0.15,-0.11,0.56,0.07,-1
2019-04-05,26.63,26.72,26.63,26.71,23693,0.08,0.09,0.3,0.34,0.04,1
2019-04-04,26.62,26.7,26.56,26.56,61325,-0.06,0.14,-0.23,0.53,0.07,-1
2019-04-03,26.8,26.8,26.65,26.68,20306,-0.12,0.15,-0.45,0.56,0.08,-1
2019-04-02,26.79,26.92,26.58,26.73,18379,-0.06,0.34,-0.22,1.27,0.17,-1
2019-04-01,26.91,27.0,26.82,27.0,13538,0.09,0.18,0.33,0.67,0.09,-1
2019-03-29,27.15,27.25,26.92,27.0,121088,-0.15,0.33,-0.56,1.22,0.16,-1
2019-03-28,27.0,27.19,26.81,27.02,52870,0.02,0.38,0.07,1.41,0.19,1
2019-03-27,26.88,26.97,26.81,26.89,37207,0.01,0.16,0.04,0.6,0.08,-1
2019-03-26,26.95,26.95,26.81,26.89,25049,-0.06,0.14,-0.22,0.52,0.07,-1
2019-03-25,26.98,27.0,26.81,26.91,57022,-0.07,0.19,-0.26,0.71,0.1,-1
2019-03-22,27.02,27.04,26.86,26.96,18581,-0.06,0.18,-0.22,0.67,0.09,-1
2019-03-21,26.9,27.09,26.87,27.09,14343,0.19,0.22,0.7,0.81,0.11,1
2019-03-20,26.94,26.95,26.78,26.9,15106,-0.04,0.17,-0.15,0.63,0.08,-1
2019-03-19,26.92,26.99,26.7,26.94,10222,0.02,0.29,0.06,1.08,0.14,1
2019-03-18,26.85,26.99,26.8,26.89,14467,0.04,0.19,0.15,0.71,0.09,1
2019-03-15,26.88,26.94,26.8,26.84,15828,-0.04,0.14,-0.13,0.52,0.07,-1
2019-03-14,26.81,26.84,26.74,26.84,8996,0.03,0.1,0.11,0.37,0.05,1
2019-03-13,26.75,26.79,26.53,26.79,165277,0.04,0.26,0.15,0.97,0.13,1
2019-03-12,26.77,26.77,26.65,26.75,16765,-0.02,0.12,-0.07,0.45,0.06,1
2019-03-11,26.55,26.71,26.41,26.65,35068,0.1,0.3,0.38,1.13,0.15,1
2019-03-08,26.29,26.52,26.29,26.42,16230,0.13,0.23,0.49,0.87,0.12,1
2019-03-07,26.25,26.45,26.25,26.3,23350,0.05,0.2,0.19,0.76,0.1,-1
2019-03-06,26.39,26.39,26.17,26.34,42253,-0.05,0.22,-0.19,0.84,0.11,-1
2019-03-05,26.17,26.44,26.17,26.4,27777,0.23,0.27,0.87,1.02,0.13,1
2019-03-04,26.22,26.51,26.07,26.15,33016,-0.07,0.44,-0.27,1.68,0.22,-1
2019-03-01,26.33,26.45,26.06,26.45,49011,0.12,0.39,0.45,1.47,0.2,1
2019-02-28,26.09,26.47,26.09,26.38,122130,0.29,0.38,1.1,1.44,0.19,1
2019-02-27,26.05,26.14,26.01,26.08,19872,0.03,0.13,0.12,0.5,0.06,-1
2019-02-26,26.11,26.19,26.0,26.08,47472,-0.03,0.19,-0.12,0.73,0.1,1
2019-02-25,26.22,26.22,26.02,26.07,18369,-0.15,0.2,-0.58,0.77,0.1,-1
2019-02-22,26.07,26.26,26.05,26.1,18787,0.03,0.21,0.11,0.8,0.11,1
2019-02-21,26.07,26.1,26.0,26.05,14286,-0.02,0.1,-0.08,0.38,0.05,-1
2019-02-20,26.08,26.13,25.99,26.07,11106,-0.01,0.14,-0.04,0.54,0.07,-1
2019-02-19,26.13,26.13,26.01,26.1,21618,-0.03,0.12,-0.11,0.46,0.06,-1
2019-02-15,26.09,26.15,26.0,26.13,16840,0.04,0.15,0.15,0.57,0.07,1
2019-02-14,25.89,26.14,25.89,26.09,49598,0.2,0.25,0.77,0.96,0.12,1
2019-02-13,25.96,25.96,25.8,25.9,41237,-0.06,0.16,-0.23,0.62,0.08,1
2019-02-12,25.83,25.91,25.81,25.81,15288,-0.02,0.1,-0.08,0.39,0.05,-1
2019-02-11,25.95,25.95,25.81,25.83,18295,-0.12,0.14,-0.46,0.54,0.07,-1
2019-02-08,25.94,25.96,25.82,25.9,8513,-0.04,0.14,-0.15,0.54,0.07,-1
2019-02-07,25.95,25.96,25.69,25.96,11083,0.01,0.27,0.04,1.04,0.13,1
2019-02-06,26.37,26.37,25.85,25.95,72332,-0.42,0.52,-1.62,2.0,0.26,-1
2019-02-05,26.42,26.42,26.0,26.3,24502,-0.12,0.42,-0.46,1.6,0.21,-1
2019-02-04,26.4,26.4,25.65,26.35,49307,-0.05,0.75,-0.19,2.85,0.38,1
2019-02-01,26.4,26.4,25.9,25.9,53200,-0.5,0.5,-1.93,1.93,0.25,-1
2019-01-31,26.17,26.74,25.85,26.74,90579,0.57,0.89,2.13,3.33,0.44,1
2019-01-30,25.99,26.14,25.82,26.1,28307,0.11,0.32,0.42,1.23,0.16,1
2019-01-29,25.85,26.0,25.74,26.0,21638,0.15,0.26,0.58,1.0,0.13,1
2019-01-28,25.93,25.99,25.56,25.92,22159,-0.01,0.43,-0.04,1.66,0.21,1
2019-01-25,25.78,25.95,25.75,25.91,7510,0.13,0.2,0.5,0.77,0.1,1
2019-01-24,25.71,25.79,25.53,25.65,15399,-0.06,0.26,-0.23,1.01,0.13,-1
2019-01-23,25.8,25.8,25.55,25.8,21881,0.0,0.25,0.0,0.97,0.12,1
2019-01-22,25.82,25.83,25.45,25.55,33455,-0.27,0.38,-1.06,1.49,0.19,-1
2019-01-18,25.59,25.84,25.53,25.84,17269,0.25,0.31,0.97,1.2,0.15,1
2019-01-17,25.5,25.59,25.33,25.59,13689,0.09,0.26,0.35,1.02,0.13,1
2019-01-16,25.54,25.56,25.29,25.4,18526,-0.14,0.27,-0.55,1.06,0.13,-1
2019-01-15,25.69,25.69,25.45,25.46,27113,-0.23,0.24,-0.9,0.94,0.12,-1
2019-01-14,25.53,25.65,25.4,25.65,183620,0.12,0.25,0.47,0.97,0.12,1
2019-01-11,25.43,25.65,25.43,25.43,32798,0.0,0.22,0.0,0.87,0.11,-1
2019-01-10,25.45,25.55,25.35,25.55,75198,0.1,0.2,0.39,0.78,0.1,1
2019-01-09,25.47,25.69,25.3,25.47,24347,0.0,0.39,0.0,1.53,0.2,-1
2019-01-08,25.4,25.51,25.3,25.51,211844,0.11,0.21,0.43,0.82,0.11,1
2019-01-07,25.28,25.45,25.09,25.2,28306,-0.08,0.36,-0.32,1.43,0.18,-1
2019-01-04,25.35,25.5,25.2,25.4,22397,0.05,0.3,0.2,1.18,0.15,1
2019-01-03,24.9,25.25,24.9,25.17,6844,0.27,0.35,1.07,1.39,0.18,-1
2019-01-02,24.7,25.25,24.41,25.19,18434,0.49,0.84,1.95,3.33,0.42,1
2018-12-31,24.98,24.98,24.42,24.97,20296,-0.01,0.56,-0.04,2.24,0.28,1
2018-12-28,24.52,24.55,24.2,24.32,21598,-0.2,0.35,-0.84,1.44,0.18,1
2018-12-27,24.1,24.2,24.08,24.16,9374,0.06,0.12,0.25,0.5,0.06,-1
2018-12-26,24.52,24.59,24.4,24.42,18284,-0.1,0.19,-0.41,0.78,0.1,-1
2018-12-24,24.1,24.45,24.1,24.45,11494,0.35,0.35,1.43,1.43,0.17,1
2018-12-21,24.11,24.48,24.1,24.35,27156,0.24,0.38,0.99,1.56,0.19,-1
2018-12-20,24.44,24.56,23.99,24.35,66227,-0.09,0.57,-0.37,2.34,0.29,-1
2018-12-19,24.78,24.78,24.08,24.45,26274,-0.33,0.7,-1.35,2.86,0.35,-1
2018-12-18,24.81,24.81,24.56,24.75,12257,-0.06,0.25,-0.24,1.01,0.12,-1
2018-12-17,24.97,25.0,24.8,24.88,12609,-0.09,0.2,-0.36,0.8,0.1,-1
2018-12-14,25.17,25.32,25.0,25.0,15082,-0.17,0.32,-0.68,1.28,0.16,-1
2018-12-13,25.23,25.33,25.13,25.2,11460,-0.03,0.2,-0.12,0.79,0.1,-1
2018-12-12,25.06,25.47,25.06,25.2,411457,0.14,0.41,0.56,1.63,0.21,1
2018-12-11,25.17,25.2,25.0,25.0,9461,-0.17,0.2,-0.68,0.8,0.1,-1
2018-12-10,25.19,25.19,25.0,25.05,110443,-0.14,0.19,-0.56,0.76,0.1,1
2018-12-07,25.13,25.19,25.0,25.0,10990,-0.13,0.19,-0.52,0.76,0.1,-1
2018-12-06,25.15,25.15,24.88,25.06,31621,-0.09,0.27,-0.34,1.06,0.13,-1
2018-12-04,25.25,25.31,25.0,25.1,33930,-0.15,0.31,-0.6,1.24,0.15,-1
2018-12-03,25.45,25.45,25.17,25.2,180271,-0.25,0.28,-0.99,1.11,0.14,-1
2018-11-30,25.28,25.46,25.28,25.45,237102,0.17,0.18,0.67,0.71,0.09,1
2018-11-29,25.5,25.5,25.25,25.27,30220,-0.23,0.25,-0.91,0.99,0.12,-1
2018-11-28,25.37,25.55,25.25,25.5,82665,0.13,0.3,0.51,1.18,0.15,-1
2018-11-27,25.51,25.67,25.24,25.61,49775,0.1,0.43,0.39,1.68,0.22,1
2018-11-26,25.54,25.54,25.41,25.41,24971,-0.13,0.13,-0.51,0.51,0.06,-1
2018-11-23,25.28,25.57,25.28,25.55,3174,0.27,0.29,1.06,1.14,0.14,1
2018-11-21,25.33,25.64,25.2,25.29,37523,-0.04,0.44,-0.16,1.74,0.22,1
2018-11-20,25.17,25.43,25.15,25.25,41781,0.08,0.28,0.32,1.11,0.14,1
2018-11-19,25.16,25.2,25.13,25.2,5510,0.04,0.07,0.16,0.28,0.04,1
2018-11-16,25.25,25.34,25.15,25.18,88618,-0.07,0.19,-0.28,0.75,0.1,-1
2018-11-15,25.52,25.52,25.23,25.23,186894,-0.29,0.29,-1.15,1.15,0.14,-1
2018-11-14,25.5,25.55,25.4,25.45,32695,-0.05,0.15,-0.2,0.59,0.08,-1
2018-11-13,25.42,25.63,25.4,25.63,42199,0.21,0.23,0.82,0.9,0.12,1
2018-11-12,25.4,25.5,25.38,25.46,14302,0.06,0.12,0.24,0.47,0.06,1
2018-11-09,25.46,25.53,25.36,25.4,14545,-0.06,0.17,-0.24,0.67,0.09,-1
2018-11-08,25.4,25.55,25.38,25.4,50765,0.0,0.17,0.0,0.67,0.09,-1
2018-11-07,25.49,25.55,25.37,25.54,20876,0.05,0.18,0.2,0.7,0.09,1
2018-11-06,25.41,25.49,25.36,25.39,23995,-0.02,0.13,-0.08,0.51,0.06,1
2018-11-05,25.4,25.4,25.3,25.35,18893,-0.05,0.1,-0.2,0.39,0.05,-1
2018-11-02,25.33,25.47,25.28,25.41,50542,0.08,0.19,0.31,0.75,0.09,1
2018-11-01,25.28,25.47,25.28,25.33,42449,0.05,0.19,0.2,0.75,0.09,-1
2018-10-31,25.3,25.55,25.23,25.52,180724,0.22,0.32,0.86,1.25,0.16,1
2018-10-30,25.23,25.35,25.19,25.23,345686,0.0,0.16,0.0,0.63,0.08,-1
2018-10-29,25.3,25.4,25.27,25.3,66839,0.0,0.13,0.0,0.51,0.06,1
2018-10-26,25.2,25.34,25.18,25.25,227144,0.05,0.16,0.2,0.63,0.08,1
2018-10-25,25.17,25.38,25.17,25.22,164268,0.05,0.21,0.2,0.83,0.1,1
2018-10-24,25.17,25.3,25.17,25.17,98310,0.0,0.13,0.0,0.52,0.06,-1
2018-10-23,25.17,25.24,25.17,25.2,86034,0.03,0.07,0.12,0.28,0.03,-1
